Departamento,Municipio,IPS,NIT,Gerente,Caracter,Habilitada,Nivel,Direccion,Telefono,Email,Encargado,Email Encargado,Cargo Encargado
Amazonas,LETICIA,E.S.E. HOSPITAL SAN RAFAEL DE LETICIA,838000096,JAIME YOANI GALLEGO TEJADA,DEPARTAMENTAL,SI,2,Carrera 10 NO. 13-78 Leticia (Amazonas),3203048903 - 3204650596,gerencia@esehospitalsanrafael-leticia-amazonas.gov.co,,,
Amazonas,LETICIA,IPS INDÍGENA MALLAMAS,837000084,FABIO EDMUNDO ENRIQUEZ MIRANDA,NACIONAL,SI,1,CRA 9 No. 9-67,5925324,leticiacontacto@ipsmallamas,,,
Amazonas,LETICIA,SANIDAD AEROPORTUARIA LETICIA,899999059,GUSTAVO ALBERTO LENIS STEFFENS,MUNICIPAL,SI,1,AEROPUERTO V. COBO,5927192,,,,
Antioquia,ABEJORRAL,EMPRESA SOCIAL DEL ESTADO HOSPITAL SAN JUAN DE DIOS DE ABEJORRAL,890980643,JAVIER ANTONIO CASTRILLON MENDOZA,MUNICIPAL,SI,1,CL Circular X Kr Calibio,8647181,abejhs01@edatel.net.co,,,
Antioquia,ALEJANDRÍA,ESE HOSPITAL PBRO LUIS FELIPE ARBELAEZ,800029509,OSCAR DARÍO RESTREPO BRAVO,MUNICIPAL,SI,1,KR 19 # 16 - 70,8660077,hospitalalejandria@gmail.com,,,
Antioquia,AMAGÁ,ESE HOSPITAL SAN FERNANDO,890906346,CLAUDIA PATRICIA MARIN ALZATE,MUNICIPAL,SI,1,Cra 51 No 52 81,8472926,esehospitalamaga@hotmail.com,,,
Antioquia,AMALFI,E.S.E HOSPITAL EL CARMEN,890982101,MARTHA CECILIA DE FATIMA LONDOÑO GAVIRIA,MUNICIPAL,SI,1,CL 23 # 23 - 40,5748300353,hospitalamalfi@gmail.com,,,
Antioquia,ANDES,EMPRESA SOCIAL DEL ESTADO HOSPITAL SAN RAFAEL,890980814,CARLOS ALBERTO ARROYAVE ZULUAGA,MUNICIPAL,SI,1,AV MEDELLIN NRO. 48-20,5748414343,esehsrgerencia@gmail.com,,,
Antioquia,ANGELÓPOLIS,NUEVA EMPRESA SOCIAL DEL ESTADO HOSPITAL LA MISERICORDIA,890980959,JOSÉ DOMINGO JULIO PRETELT,MUNICIPAL,SI,1,CL 8 # 7-108,5748421146,eseangel@edatel.net.co,,,
Antioquia,ANGOSTURA,ESE HOSPITAL SAN RAFAEL,890982183,JAVIER ENRIQUE ARTEAGA JIMENEZ,MUNICIPAL,SI,1,KRA10 # 16 - 1,"5748645099, 8645319",angohs01@edatel.net.co,,,
Antioquia,ANORÍ,ESE HOSPITAL SAN JUAN DE DIOS DE ANORI,890982138,HUGO ALEXANDER MANCO GUZMAN,MUNICIPAL,SI,1,CL ZEA,5748350803,anorhs01@edatel.net.co,,,
Antioquia,ANZA,ESE HOSPITAL SAN FRANCISCO DE ASIS,890397282,LUIS CARLOS VILLADA GOMEZ,MUNICIPAL,SI,1,KR 8 # 7-29,8522029,hospitalanza@hospitalanza.gov.co,,,
Antioquia,ARBOLETES,ESE HOSPITAL PEDRO NEL CARDONA DE ARBOLETES,890982134,DAVID LOPEZ PUCHE,MUNICIPAL,SI,1,BARRIO EL DEPORTIVO,948200026,arbohs01@edatel.net.co,,,
Antioquia,ARGELIA,EMPRESA SOCIAL DEL ESTADO HOSPITAL SAN JULIAN,890981851,PLINIO RAFAEL RECUERO BOTETT,MUNICIPAL,SI,1,CL 31 # 32 -14,8650042,argeh01@edatel.net.co,,,
Antioquia,ARMENIA,EMPRESA SOCIAL DEL ESTADO HOSPITAL SAN MARTIN DE PORRES,890982153,JOSE IGNACIO FRANCISCO GUTIERREZ GÓMEZ,MUNICIPAL,SI,1,CL 11 # 6-69,5748559099,armehs01@edatel.netco,,,
Antioquia,BARBOSA,ESE HOSPITAL SAN VICENTE DE PAUL,890905193,CARLOS ARTURO CERVANTES LOPEZ,MUNICIPAL,SI,1,KR 17 # 10 - 34,5744061341,esebarbosa@une.net.co,,,
Antioquia,BELLO,EMPRESA SOCIAL DEL ESTADO BELLO SALUD,800174995,JAVIER ALEJANDRO BEDOYA TORO,MUNICIPAL,SI,1,CL 54 N. 56 A 11,4482030,gestiondocumental@esebellosalud.gov.co,,,
Antioquia,BELLO,ESE HOSPITAL MARCO FIDEL SUAREZ,890985703,YAN MARCILY ZULUAGA SUAREZ,DEPARTAMENTAL,SI,2,CL 44 # 49B-90,4547510,gerencia@hmfs.com.co,,,
Antioquia,BELLO,ESE HOSPITAL MENTAL DE ANTIOQUIA,890905166,ELKIN DE JESUS CARDONA ORTIZ,DEPARTAMENTAL,SI,2,CALLE 38 No 55-310 BARRIO SANTA ANA,4448330,elkincardona@homo.gov.co,,,
Antioquia,BELMIRA,EMPRESA SOCIAL DEL ESTADO HOSPITAL NUESTRA SEÑORA DEL ROSARIO,890982065,NATALIA ROSARIO GIL PULGARIN,MUNICIPAL,SI,1,KR 19# 19 93,5748674147,gerencia@esehospital-belmira-antioquia.gov.co,,,
Antioquia,BETANIA,ESE HOSPITAL SAN ANTONIO,890981494,JUAN CARLOS GUZMAN NOREÑA,MUNICIPAL,SI,1,CALLE 20 No. 26 -173,548435050,betahs01@gmail.com,,,
Antioquia,BETULIA,E.S.E HOSPITAL GERMAN VELEZ GUTIERREZ,890982116,JORGE IVÁN CASTRO QUINTERO,MUNICIPAL,SI,1,CL 21 # 15 - 20 SALIDA A MEDELLIN,8436085,esebetulia@gmail.com,,,
Antioquia,BRICEÑO,EMPRESA SOCIAL DEL ESTADO HOSPITAL EL SAGRADO CORAZON,800044320,JOAQUIN ALBERTO ALVAREZ MONSALVE,MUNICIPAL,SI,1,CL 11 # 8 - 31,8570099,brichs01@edatel.net.co,,,
Antioquia,BURITICÁ,ESE HOSPITAL SAN ANTONIO,890983843,PAULA ANDREA ÁNGEL HIGUITA,MUNICIPAL,SI,1,Calle 8 Nro. 3-56,948527035,burihs01@edatel.net.co,,,
Antioquia,CÁCERES,EMPRESA SOCIAL DEL ESTADO HOSPITAL ISABEL LA CATOLICA,890982430,JACINTO MÁRQUEZ GONZÁLEZ,MUNICIPAL,SI,1,KR 50 # 52-48,8362039,hospitalcaceres@gmail.com,,,
Antioquia,CAICEDO,E.S.E. HOSPITAL GUILLERMO GAVIRIA CORREA,800037244,CARLOS ANDRES LONDOÑO VELEZ,MUNICIPAL,SI,1,CRA 5 # 3-23,8572123,gerencia@hospitalcaicedo.gov.co,,,
Antioquia,CALDAS,ESE HOSPITAL SAN VICENTE DE PAÚL,890907215,ROBINSON DARIO BUSTAMANTE RESTREPO,DEPARTAMENTAL,SI,2,Cra 48 No. 135 Sur - 41,094- 278 - 06 -00,hospv@medellín.insapt.net.co,,,
Antioquia,CAMPAMENTO,ESE HOSPITAL LA SAGRADA FAMILIA,890985457,BLANCA OFELIA ARANGO VERGARA,MUNICIPAL,SI,1,CALLE BOLIVAR No. 15-07,094-8614112,camphs01@edatel.net.co,,,
Antioquia,CAÑASGORDAS,ESE HOSPITAL SAN CARLOS,890980784,TOMAS AUGUSTO OSPINA ROJO,MUNICIPAL,SI,1,KR 31 # 33 - 140,(4) 856 40 37   856 40 44 856,canahs01@edatel.net.coesehsc@edatel.net.co,,,
Antioquia,CARACOLÍ,E.S.E. HOSPITAL SAN PIO X,890981266,GERARDO ANTONIO PESCADOR DAVID,MUNICIPAL,SI,1,CL 21# 20-32,8336014,gerencia@esesanpioxcaracoli.gov.co,,,
Antioquia,CARAMANTA,ESE HOSPITAL SAN ANTONIO,890981163,FRANCISCO JAVIER GODOY GONZALEZ,MUNICIPAL,SI,1,CARRERA 21 BOLIVAR #16-33,855 32 60,gerenciaesecaramanta@hotmail.com,,,
Antioquia,CAREPA,EMPRESA SOCIAL DEL ESTADO HOSPITAL FRANCISCO LUIS JIMENEZ MARTINEZ,800227877,RICARDO LUIS ARZUZA MENDOZA,MUNICIPAL,SI,1,CL 70 # 68 - 03,8236548,carehs01@gmail.com,,,
Antioquia,CAROLINA,EMPRESA SOCIAL DEL ESTADO HOSPITAL SAN RAFAEL,890906344,VICTOR JAVIER PUERTA DÍAZ,MUNICIPAL,SI,1,CL 52 B # 54-70,8634045,carohs01@edatel.net.co,,,
Antioquia,CAUCASIA,ESE HOSPITAL CESAR URIBE PIEDRAHITA,890980757,ORLANDO JOSE RODRIGUEZ ALVAREZ,DEPARTAMENTAL,SI,2,CL 31 KR 18 BARRIO EL PALMAR,8392161,gerencia@hcup.gov.co,,,
Antioquia,CHIGORODÓ,EMPRESA SOCIAL DEL ESTADO HOSPITAL MARIA AUXILIADORA,890980997,DORIS EDILIA MEDINA OCHOA,MUNICIPAL,SI,1,KR 108A # 101A - 57,5748253191,esechigorodo@edatel.net.co,,,
Antioquia,CISNEROS,Empresa Social del Estado Hospital San Antonio,890980444,CLAUDIA LUCIA BARRERA AGUDELO,MUNICIPAL,SI,1,CL 18 # 17 - 105,8631847,cisnhs01@edatel.net.co,,,
Antioquia,CIUDAD BOLÍVAR,ESE HOSPITAL LA MERCED,890907241,MAURICIO ANTONIO TORO ZAPATA,MUNICIPAL,SI,2,Calle 49 Nro 36-298,8411182,gerencia@hlamerced.gov.co,,,
Antioquia,COCORNÁ,ESE HOSPITAL SAN JUAN DE DIOS DE COCORNA,890981108,HECTOR ALONSO DUQUE ARISTIZABAL,MUNICIPAL,SI,1,CL 21 # 23 45,8343685,gerencia@hospitaldecocorna.com,,,
Antioquia,CONCEPCIÓN,ESE HOSPITAL JOSE MARIA CORDOBA,890980512,BERNARDO ANTONIO BERNAL BOTERO,MUNICIPAL,SI,1,KR 19 # 19-83,8567024,hospitalconcepcion@gmail.com,,,
Antioquia,CONCORDIA,ESE HOSPITAL SAN JUAN DE DIOS,890907297,SANTIAGO DE JESÚS CAICEDO RESTREPO,MUNICIPAL,SI,1,Cra. 18 No. 16 - 05,844 77 24,hospitaldeconcordia@hospital-concordia.gov.co,,,
Antioquia,COPACABANA,ESE HOSPITAL SANTA MARGARITA,890980949,HÉCTOR DARÍO CANO ARANGO,MUNICIPAL,SI,1,KR 45 # 52-26,57440000770 ext 176,secregerencia@santamargarita.gov.co,,,
Antioquia,DABEIBA,EMPRESA SOCIAL DEL ESTADO HOSPITAL NUESTRA SEÑORA DEL PERPETUO SOCORRO,890984670,ANDREY FERNANDO DUQUE VALLE,MUNICIPAL,SI,1,KR URIBE URIBE # 622,5748590045,dabehs01@edatel.net.co,,,
Antioquia,DON MATÍAS,ESE HOSPITAL FRANCISCO ELADIO BARRERA,890905097,BEATRIZ ADIELA RESTREPO TAMAYO,MUNICIPAL,SI,1,cra 36a 29 55,8663737,gerencia@hospitaldonmatias.gov.co,,,
Antioquia,EBÉJICO,EMPRESA SOCIAL DEL ESTADO HOSPITAL SAN RAFAEL,890982370,RAFAEL ANTONIO GRANDA PEREZ,MUNICIPAL,SI,1,BRR VEREDA FATIMA,5748562681,hospebejico@gmail.com,,,
Antioquia,EL BAGRE,EMPRESA SOCIAL DEL ESTADO HOSPITAL NUESTRA SEÑORA DEL CARMEN,800138311,LEONARDO FONTALVO TAPIA,MUNICIPAL,SI,1,CL 50 # 46D-37,5748372381,bagrhs01@edatel.net.co,,,
Antioquia,EL CARMEN DE VIBORAL,EMPRESA SOCIAL DEL ESTADO HOSPITAL SAN JUAN DE DIOS,890907279,SANDRA ELIZABET URIBE VELEZ,MUNICIPAL,SI,1,KR 31 # 19 - 58,5745434343,gerencia@hospitalcarmenv.gov.co,,,
Antioquia,EL SANTUARIO,ESE HOSPITAL SAN JUAN DE DIOS,890980326,ALEX DUBIAN GIRALDO CANO,MUNICIPAL,SI,1,CALLE 49 NRO 41 63,5460050,cadsant@hospitalelsantuario.gov.co,,,
Antioquia,ENTRERRIOS,ESE HOSPITAL PRESBITERO EMIGDIO PALACIO,890984779,ELIANA PATRICIA PALACIO TOBON,MUNICIPAL,SI,1,KR 13 # 10 - 36,5748670051,entrhs01@edatel.net.co,,,
Antioquia,ENVIGADO,E.S.E. HOSPITAL MANUEL URIBE ANGEL,890906347,MARTHA LUCIA VELEZ ARANGO,MUNICIPAL,SI,3,DG 31 # 36 A SUR 80,3394800,autorizaciones@hospitalmua.com.co,,,
Antioquia,ENVIGADO,INDER ENVIGADO,811016337,GUDIELA RESTREPO URIBE,MUNICIPAL,SI,1,KR 48 # 46 SUR 150,4482098,inder_me@une.net.co,,,
Antioquia,ENVIGADO,INSTITUCION UNIVERSITARIA DE ENVIGADO,811000278,BLANCA LIBIA LONDOÑO ECHEVERRI,MUNICIPAL,SI,1,KR 27B # 39A Sur 57,5743391010,"margmari73ster@gmail.com;
dec_psicologia@iue.edu.co;
alvaro.ramirez@iue.edu.co",,,
Antioquia,FREDONIA,ESE HOSPITAL DE SANTA LUCIA,890980181,GABRIEL JAIME BETANCUR DUQUE,MUNICIPAL,SI,1,CL 69 # 50-220 VEREDA EL EDEN,5748401101,esefredonia@gmail.com,,,
Antioquia,FRONTINO,EMPRESA SOCIAL DEL ESTADO HOSPITAL MARIA ANTONIA TORO DE ELEJALDE,890906991,ALEX FERNANDO ALEGRIA GARCÍA,MUNICIPAL,SI,1,KR 27 # 31 - 38,5748595050,hospifrontino@gmail.com,,,
Antioquia,GIRALDO,ESE HOSPITAL SAN ISIDRO,800193392,CARLOS ALBERTO CARDONA GUTIERREZ,MUNICIPAL,SI,1,CALLE SANTANDER,(4)8571325,girahs01@edatel.net.co,,,
Antioquia,GIRARDOTA,ESE HOSPITAL SAN RAFAEL,890980727,DIEGO ALFONSO MONTOYA GRAJALES,MUNICIPAL,SI,1,Carrera 16 No. 11-011,0514052440 ext:115 102 113,"secretaria@hospitalgirardota.com;
calidad@hospitalgirardota.com",,,
Antioquia,GÓMEZ PLATA,ESE HOSPITAL SANTA ISABEL,890902151,LAURA CATALINA ROJO GONZALEZ,MUNICIPAL,SI,1,Carrera 52 48 47,94 862 79 64 94 862 76 31,gomehs01@edatel.net.co,,,
Antioquia,GRANADA,ESE HOSPITAL PADRE CLEMENTE GIRALDO,890981182,VICTOR RAUL HOYOS HOYOS,MUNICIPAL,SI,1,CL 21 # 25-02,8320102 8320742,granhs01@gmail.com,,,
Antioquia,GUADALUPE,ESE HOSPITAL NUESTRA SEÑORA DE GUADALUPE,890981690,ORLANDO ANTONIO BARRIENTOS LOPERA,MUNICIPAL,SI,1,KR 50 # 51-12,8616110,hospitalguadalupe@gmail.com,,,
Antioquia,GUARNE,ESE HOSPITAL NUESTRA SEÑORA DE LA CANDELARIA,890981719,ASTRID BIBIANA CARVAJAL ZAPATA,MUNICIPAL,SI,1,Carrera 52 No. 52-177,(054)551 13 13 - 576 70 90,gerencia@hospitallacandelaria.com,,,
Antioquia,GUATAPE,ESE HOSPITAL LA INMACULADA,890981817,EDUARDO RIVERA ARCILA,MUNICIPAL,SI,1,CARRERA 23 A # 31 35,8610 553,hospitalguatape@edatel.net.co,,,
Antioquia,HELICONIA,EMPRESA SOCIAL DEL ESTADO HOSPITAL SAN RAFAEL,890981074,LUIS CRISTOBAL YANEZ LOZANO,MUNICIPAL,SI,1,CL 22B # 20-21,5748549897,eseheliconia@gmail.com,,,
Antioquia,HISPANIA,ESE HOSPITAL SAN JUAN DEL SUROESTE,800068653,PLINIO RAFAEL RECUERO JIMENEZ,MUNICIPAL,SI,1,CL 50 # 46-47,84322 11,gerencia@hospitalhispania.gov.co,,,
Antioquia,ITAGUI,"CORPORACIÓN RED PRESTADORA DE SERVICIOS DE SALUD DEL VALLE DE ABURRÁ ""HOSPIRED""",900646450,LUIS FERNANDO VARGAS ALVAREZ,DEPARTAMENTAL,SI,1,CL 33 # 50A - 25,4484298,hospired2@gmail.com,,,
Antioquia,ITAGUI,ESE HOSPITAL DEL SUR GABRIEL JARAMILLO PIEDRAHITA,811017810,OSCAR FERNANDO JIMENEZ LOPEZ,MUNICIPAL,SI,1,CALLE 33 No 50 A 25 ITAGUI,054 3732626,CAD@HOSPITALDELSUR.GOV.CO,,,
Antioquia,ITAGUI,ESE HOSPITAL SAN RAFAEL-ITAGUI,890980066,CARLOS FREDY CARMONA RAMIREZ,DEPARTAMENTAL,SI,2,Carrera 51A No. 45-51,4482224,gerencia@hsanrafael.org,,,
Antioquia,ITUANGO,ESE HOSPITAL SAN JUAN DE DIOS,890980840,LUIS OCTAVIO GUTIERREZ MONTES,MUNICIPAL,SI,1,KR QUINDIO # 25-54,574 8643100,ituahs01@edatel.net.co,,,
Antioquia,JARDÍN,ESE HOSPITAL GABRIEL PELAEZ MONTOYA,890980732,JOSÉ ANDRÉS HURTADO ARISTIZÁBAL,MUNICIPAL,SI,1,CL 5 UNION # 1 24,5748455555,hospital@eljardin-antioquia.gov.co,,,
Antioquia,JERICÓ,NUEVA ESE HOSPITAL SAN RAFAEL JERICO,890980765,ADRIANA MARIA BERMÚDEZ CARDONA,MUNICIPAL,SI,1,CARRERA 5 9-157,0948523166. 0948523272-0948523,"jerihs01@gmail.com;
fernandoalegriag@gmail.com",,,
Antioquia,LA CEJA,ESE HOSPITAL DE LA CEJA,890980758,José Ricardo Ordoñez Hernández,MUNICIPAL,SI,1,CL 17 #19-55,5745531444,hospitalceja@une.net.co,,,
Antioquia,LA ESTRELLA,EMPRESA SOCIAL DEL ESTADO HOSPITAL LA ESTRELLA,800138968,CAMILO ALFONSO GONZALEZ LAGUNA,MUNICIPAL,SI,1,CL 83 A SUR N° 60 - 45,5743021010,infohospital@eselaestrella.gov.co,,,
Antioquia,LA PINTADA,EMPRESA SOCIAL DEL ESTADO HOSPITAL ANTONIO ROLDAN BETANCUR,811013792,VIRGINIA ESPERANZA RENTERIA LEDEZMA,MUNICIPAL,SI,1,KR 30 # 30A - 45,5748454063,pinths01@edatel.net.co,,,
Antioquia,LA UNIÓN,ESE HOSPITAL SAN ROQUE,890980866,ROBINSON RAFAEL TOVAR SOLANO,MUNICIPAL,SI,1,CALLE 12 No. 11-54,(04) 5560619,hsanroque_union@hotmail.com,,,
Antioquia,LIBORINA,EMPRESA SOCIAL DEL ESTADO HOSPITAL SAN LORENZO,890982139,CLAUDIA MARIA CALDERON RUEDA,MUNICIPAL,SI,1,KR 13 # 6- 21,8561826,libohs01@edatel.net.co,,,
Antioquia,MACEO,EMPRESA SOCIAL DEL ESTADO MARCO A. CARDONA,890906966,CAROLINA ANDREA SOSA GOMEZ,MUNICIPAL,SI,1,KR 30 # 33 - 237,8640283,macehs01@edatel.net.co,,,
Antioquia,MARINILLA,ESE HOSPITAL SAN JUAN DE DIOS,890980752,EDWIN ABAD QUICENO MARÍN,MUNICIPAL,SI,1,CARRERA 36 N 28-85,4 548 40 44,"hospimar@une.net.co;
hospitalmarinilla@une.net.co;
gerencia@hospitalmarinilla.com.co",,,
Antioquia,MEDELLÍN,DEFENSA CIVIL COLOMBIANA,899999717,MIGUEL ERNESTO PEREZ GUARNIZO,NACIONAL,SI,1,Calle 60 N° 41-46,2924712,sec.antioquia@defensacivil.gov.co,,,
Antioquia,MEDELLÍN,Departamento de Antioquia,890900286,SERGIO FAJARDO VALDERRAMA,DEPARTAMENTAL,SI,1,CL 42 # 52 - 106,5743838260,antioquia@antioquia.gov.co,,,
Antioquia,MEDELLÍN,EMPRESA SOCIAL DEL ESTADO METROSALUD,800058016,LEOPOLDO ABDIEL GIRALDO VELASQUEZ,MUNICIPAL,SI,2,KR 50 # 44-27 ED SACATIN,5745117505,"gerencia@metrosalud.gov.co;
francisco.lopez@metrosalud.gov.co;
grace.gomez@metrosalud.gov.co",,,
Antioquia,MEDELLÍN,EMPRESAS PÚBLICAS DE MEDELLÍN E.S.P.,890904996,Jorge Alberto Julian Londoño De la cuesta,MUNICIPAL,SI,1,CL 78B # 69 240,5743807200 3807201,avelasqm@eeppm.com,,,
Antioquia,MEDELLÍN,ESE HOSPITAL CARISMA,890985405,CARLOS MARIO RIVERA ESCOBAR,DEPARTAMENTAL,SI,2,CARRERA 93 N 34 AA 01,944924000,esecarisma@esecarisma.gov.co,,,
Antioquia,MEDELLÍN,ESE HOSPITAL LA MARIA,890905177,MISAEL ALBERTO CADAVID JARAMILLO,DEPARTAMENTAL,SI,3,cll 92 ee No. 67 61,42677511,sistemas@lamaria.gov.co,,,
Antioquia,MEDELLÍN,"HOSPITAL GENERAL DE MEDELLIN LUZ CASTRO DE GUTIERREZ, EMPRESA SOCIAL DEL ESTADO",890904646,,MUNICIPAL,SI,3,Cra. 48 No.32-102 Medellin - Antioquia - Colombia,(094)3847302,jbustamante@hgm.gov.co,,,
Antioquia,MEDELLÍN,INDEPORTES ANTIOQUIA,811007127,HERNAN DARIO ELEJALDE LOPEZ,DEPARTAMENTAL,SI,1,Calle 48 N. 70 - 180,2602111,olozano@indeportesantioquia.gov.co,,,
Antioquia,MEDELLÍN,INSTITUTO TECNOLOGICO METROPOLITANO,800214750,Maria Victoria Mejia Orozco,MUNICIPAL,SI,1,CL 73 # 76A - 354,5744405100,itm@.edu.co,,,
Antioquia,MEDELLÍN,POLITECNICO COLOMBIANO JAIME ISAZA CADAVID CENTRO DE ATENCION EN SALUD Y RIESGOS PROFESIONALES,890980136,GILBERTO GIRALDO BUITRAGO,DEPARTAMENTAL,SI,1,KR 48 # 7 - 151,5743105177,politecnicnicojic@edu.co,,,
Antioquia,MEDELLÍN,Servicio Nacional de Aprendizaje SENA,899999034,CARLOS FABIO ALVAREZ ANGEL,NACIONAL,SI,1,Cl 51 # 57-70,5760000,jvasquezc@sena.edu.co,,,
Antioquia,MEDELLÍN,TECNOLÓGICO DE ANTIOQUIA - INSTITUCIÓN UNIVERSITARIA-.,890905419,LORENZO PORTOCARRERO SIERRA,DEPARTAMENTAL,SI,1,Calle 78B No. 72A -220,4547000,tecnologico@tdea.edu.co,,,
Antioquia,MEDELLÍN,UNIVERSIDAD DE ANTIOQUIA,890980040,MAURICIO ALVIAR RAMIREZ,DEPARTAMENTAL,SI,1,KR 51 D # 62 - 29 BL 32 PI 1,2196930,noel@udea.edu.co,,,
Antioquia,MEDELLÍN,UNIVERSIDAD NACIONAL DE COLOMBIA,899999063,IGNACIO MANTILLA PRADA,MUNICIPAL,SI,1,CRA 64 POR CALLE 65 BLOQUE 21 OF 102,4309614,asuribe@undmed.edu.co,,,
Antioquia,MONTEBELLO,EMPRESA SOCIAL DEL ESTADO HOSPITAL SAN ANTONIO,890981096,CARLOS JULIO MAZO OSPINA,MUNICIPAL,SI,1,mtbehs01@edatel.gov.co,8480559,"gerenciaesemontebello@gmail.com;
cjmazo@gmail.com",,,
Antioquia,MURINDÓ,EMPRESA SOCIAL DEL ESTADO HOSPITAL SAN BARTOLOMÉ,800165050,Diver Arley Lopera Castaño,MUNICIPAL,SI,1,CL 2 # 14 - 20,8575093,hospitalmurindo@hotmail.com,,,
Antioquia,MUTATÁ,ESE HOSPITAL LA ANUNCIACION,890981268,JAIME ANDRES HERRERA MOLINA,MUNICIPAL,SI,1,Carrera 10 número 10 - 08,4 8578700,mutahs01@gmail.com,,,
Antioquia,NARIÑO,ESE HOSPITAL SAN JOAQUIN NARIÑO ANTIOQUIA,890981652,MARIA ESTELA ACUÑA TERAN,MUNICIPAL,SI,1,Calle13 No 6-33,8680109 8680273 8680363,"narihs01@hotmail.com;
narihs01@edateil",,,
Antioquia,NECHÍ,ESE HOSPITAL LA MISERICORDIA,800138011,ARGELIA MARIA JULIO VERGARA,MUNICIPAL,SI,1,CL LA MISERICORDIA,5748368053,gerencia@hospitalnechi.gov.co,,,
Antioquia,NECOCLÍ,ESE HOSPITAL SAN SEBASTIAN DE URABA,890985603,WILDER MANUEL PEÑAFIEL ARIAS,MUNICIPAL,SI,1,CL 50 # 36-37,8214546,cad@hospitalnecocli.gov.co,,,
Antioquia,OLAYA,E.S.E HOSPITAL SAN MIGUEL,800202398,VERONICA CORDOBA JARAMILLO,MUNICIPAL,SI,1,KR 10 # 34 - 10 LLANADAS,8550359,gerenciahso@gmail.com,,,
Antioquia,PEÑOL,EMPRESA SOCIAL DEL ESTADO HOSPITAL SAN JUAN DE DIOS,890980486,MARIO ALEJANDRO CADAVID CADAVID,MUNICIPAL,SI,1,TV 7A # 11-84,5748515750,penohs01@edatel.net.co,,,
Antioquia,PEQUE,ESE HOSPITAL SAN FRANCISCO,890983675,SAMUEL DARLEY USUGA POSSO,MUNICIPAL,SI,1,CARRERA BOLIVAR NO. 11-170,0948552045 - 0948552132,"pequhs01@edatel.net.co;
gerencia@hospitalpeque.gov.co",,,
Antioquia,PUEBLORRICO,ESE HOSPITAL SAN VICENTE DE PAUL,890981532,RAUL ALCIDES OSORIO BUSTAMANTE,MUNICIPAL,SI,1,CALLE 32 · 26A-38,8498080-8498326-8499054,hospitalpueblorrico@gmail.com,,,
Antioquia,PUERTO NARE,EMPRESA SOCIAL DEL ESTADO HOSPITAL OCTAVIO OLIVARES,890985810,DORIA LEDY RUFELES TORO,MUNICIPAL,SI,1,KR 5 # 45 - 103,5748347037,"pnarehoo@gmail.com;
gerenciahoo@gmail.com",,,
Antioquia,REMEDIOS,EMPRESA SOCIAL DEL ESTADO HOSPITAL SAN VICENTE DE PAUL,890985092,PEDRO GABRIEL MENDIVIL SUAREZ,MUNICIPAL,SI,1,CL LAS PALMAS 12 - 120,8303727 8303899 8303471,info@hsvpremedios.gov.co,,,
Antioquia,RIONEGRO,HOSPITAL SAN JUAN DE DIOS E.S.E RIONEGRO - ANTIOQUIA,890907254,LUIS MARIA OTALVARO SANCHEZ,MUNICIPAL,SI,2,carrera 48 5659,945313700,eserionegro@hsjdeserionegro.com,,,
Antioquia,SABANALARGA,ESE HOSPITAL SAN PEDRO,890982140,RAFAEL ANGEL QUINTERO,MUNICIPAL,SI,1,Calle 17- No.15-94,948554154,sabahs01@edatel.net.co,,,
Antioquia,SABANETA,ESE HOSPITAL VENANCIO DIAZ DIAZ,800123106,RUBEN DARIO CANO TORRES,MUNICIPAL,SI,1,KR 46B # 77SUR - 36,5742889701,esehvdds@une.net.co,,,
Antioquia,SALGAR,ESE HOSPITAL SAN JOSE,890981424,JAIME ALBERTO VELEZ ESCOBAR,MUNICIPAL,SI,1,CL 32A#33-04,948442020,salghs01@edatel.net.co,,,
Antioquia,SAN ANDRÉS,EMPRESA SOCIAL DEL ESTADO HOSPITAL GUSTAVO GONZALEZ OCHOA,890982113,AURA MARIA VASCO OSPINA,MUNICIPAL,SI,1,BRR EL CRUCERO,5748618101,snanhs01@edatel.net.co,,,
Antioquia,SAN CARLOS,ESE HOSPITAL SAN VICENTE DE PAUL,890981561,Paula Andrea González León,MUNICIPAL,SI,1,Calle 21 Nro 24-58,4 - 8358794,gerencia@hsvpsancarlos.gov.co,,,
Antioquia,SAN FRANCISCO,ESE HOSPITAL SAN FRANCISCO DE ASIS,800133887,ELIZABETH VANESSA SUÁREZ GARCÍA,MUNICIPAL,SI,1,Carrera 10 No 9 -09,094 832 31 36 832 30 27,sfrahs01@edatel.net.co,,,
Antioquia,SAN JERÓNIMO,ESE HOSPITAL SAN LUIS BELTRAN,890981848,JUAN DAVID RODRIGUEZ QUIJANO,MUNICIPAL,SI,1,CARRERA 10 No.23-08,8582545 8582020,e.s.e.hospital@sanjeronimo-antioquia.gov.co,,,
Antioquia,SAN JOSÉ DE LA MONTAÑA,ESE HOSPITAL LAUREANO PINO,890984427,CLAUDIA MARYORI RESTREPO OSSA,MUNICIPAL,SI,1,CARRERA 21 Nª 15-11,48622663,snmohs01@edatel.net.co,,,
Antioquia,SAN JUAN DE URABÁ,ESE HOSPITAL HECTOR ABAD GOMEZ,800143438,MARCELA PATRICIA YANEZ PAYAREZ,MUNICIPAL,SI,1,kra 20 no 24-20 barrio la floresta,(094)8212014 - 8212500 - 82120,snjuhs01@edatel.net.co,,,
Antioquia,SAN LUIS,ESE HOSPITAL SAN RAFAEL,890982091,MARGARITA MARIA MONSALVE LONDOÑO,MUNICIPAL,SI,1,CARRERA 19 NRO 17 - 63,(4)8348505 (4)8348506,gerencia@hospitaldesanluis.com.co,,,
Antioquia,SAN PEDRO,ESE HOSPITAL SANTA ISABEL,800014405,OSCAR HERNÁN OCAMPO VALENCIA,MUNICIPAL,SI,1,CL 43 A # 52 A - 109,5748687610,hospital@esesantaisabel.gov.co,,,
Antioquia,SAN PEDRO DE URABA,ESE HOSPITAL OSCAR EMIRO VERGARA CRUZ,890985660,JAMES JAIR CORREA ALFARO,MUNICIPAL,SI,1,CL 54 # 47-102,8205065,esehoevc@gmail.com,,,
Antioquia,SAN RAFAEL,ESE HOSPITAL PBRO ALONSO MARIA GIRALDO,891982128,JOSE ALEJANDRO JARAMILLO ACOSTA,MUNICIPAL,SI,1,snrahs01@ edatel.net.co,8586612 - 8586531,"gerencia@esepresbiteroalonso-sanrafael.gov.co;
hospital@esepresbiteroalonso-sanrafael.gov.co;
sistemas@esepresbiteroalonso-sanrafael.gov.co",,,
Antioquia,SAN ROQUE,E.S.E. HOSPITAL MUNICIPAL SAN ROQUE,890906211,JORGE ALBERTO MIRA BUSTAMANTE,MUNICIPAL,SI,1,CL 25 # 18-30,8656735,esehospitalsr@gmail.com,,,
Antioquia,SANTA BÁRBARA,EMPRESA SOCIAL DEL ESTADO HOSPITAL SANTAMARIA,890905198,JORGE IVAN VALENCIA BEDOYA,MUNICIPAL,SI,1,KR SANTANDER # 45 - 90,5748463131,jorge.valencia@hospitalsantamaria.gov.co,,,
Antioquia,SANTAFÉ DE ANTIOQUIA,ESE HOSPITAL SAN JUAN DE DIOS,890982264,JEAN CARLO DAVID VANEGAS RODRIGUEZ,MUNICIPAL,SI,2,CALLE 10 Nº 3-24,094-8531020,info@hospitalsantafedeantioquia.com,,,
Antioquia,SANTO DOMINGO,ESE HOSPITAL SAN RAFAEL DE SANTO DOMINGO,890906560,LUZ GABRIELA RIVERA CANO,MUNICIPAL,SI,1,KR 16 # 18 29,5748621155,sths01@edatel.net.co,,,
Antioquia,SEGOVIA,ESE HOSPITAL SAN JUAN DE DIOS,800080586,ANGELICA MARÍA RENDON CASTAÑEDA,MUNICIPAL,SI,1,CAMPAMENTO LA SALADA,8317382 - 8315992,"secretaria@hospitaldesegovia.gov.co;
gerencia@hospitaldesegovia.gov.co",,,
Antioquia,SONSON,EMPRESA SOCIAL DEL ESTADO SAN JUAN DE DIOS,890980003,JUAN DE JESÚS ARROYAVE OCAMPO,MUNICIPAL,SI,1,CL 16 # 7 - 151,8695050,institucional@hospitalsonson.gov.co,,,
Antioquia,SOPETRÁN,EMPRESA SOCIAL DEL ESTADO HORACIO MUÑOZ SUESCUN,890982184,MARIO URIEL SERNA CORREA,MUNICIPAL,SI,1,CL BENJAMIN HERRERA # 11 - 53,5748541555,sopehs01@edatel.net.co,,,
Antioquia,TÁMESIS,EMPRESA SOCIAL DEL ESTADO HOSPITAL SAN JUAN DE DIOS,890980855,ALVARO GIRALDO VASQUEZ,MUNICIPAL,SI,1,KR 10 # 13 - 52,5748494802,tamehs01@edatel.net.co,,,
Antioquia,TARAZÁ,EMPRESA SOCIAL DEL ESTADO HOSPITAL SAN ANTONIO,890984696,,MUNICIPAL,SI,1,Calle 26 No 32-131,948365616,"gerencia@hospitaltaraza.gov.co; 
secretaria@hospitaltaraza.gov.co",,,
Antioquia,TARSO,EMPRESA SOCIAL DEL ESTADO HOSPITAL SAN PABLO,890982182,MARITZA CORRALES GALLEGO,MUNICIPAL,SI,1,KR 18 # 21 - 02,5748458606,"tarshs01@edatel.net.co;
hospitaltarso@gmail.com",,,
Antioquia,TITIRIBÍ,ESE HOSPITAL SAN JUAN DE DIOS,890980346,JHON JAIME CORREA SEPULVEDA,MUNICIPAL,SI,1,CARRERA BOLIVAR # 18-55,(4) 848 27 40,hospitaltitiribi@hotmail.com,,,
Antioquia,TOLEDO,E.S.E. HOSPITAL PEDRO CLAVER AGUIRRE YEPES,800139704,CARLOS ALBERTO CARDONA GUTIÉRREZ,MUNICIPAL,SI,1,KR 10 # 10 - 30,8619012,cjmazo@gmail.com,,,
Antioquia,TURBO,EMPRESA SOCIAL DEL ESTADO HOSPITAL FRANCISCO VALDERRAMA,890981137,FRANCIA POO MADERA,MUNICIPAL,SI,2,KM 1 SALIDA TURBO - APARTADO,5748272088,turbhs01@edatel.net.co,,,
Antioquia,URAMITA,EMPRESA SOCIAL DEL ESTADO HOSPITAL TOBIAS PUERTA,800065395,MARIA CONSUELO DIAZ PUERTA,MUNICIPAL,SI,1,CL 20 # 22 170 BARRIO EL TOTUMO,5748574048,uramhs01@edatel.net.co,,,
Antioquia,URRAO,EMPRESA SOCIAL DEL ESTADO IVAN RESTREPO GOMEZ,890980971,KENIER ALEXANDER REYES DURANGO,MUNICIPAL,SI,1,KR 32 # 23 - 61,8502131,gerencia@hospitalurrao.gov.co,,,
Antioquia,VALDIVIA,E.S.E HOSPITAL SAN JUAN DE DIOS VALDIVIA,891982129,JOAQUIN ALBERTO ALVAREZ MONSALVE,MUNICIPAL,SI,1,KR 8 # 7 - 18,5748360218,esevaldivia@gmail.com,,,
Antioquia,VALPARAÍSO,ESE HOSPITAL SAN JUAN DIOS,890980828,JEFFERSON DUVAN GIRALDO LOPEZ,MUNICIPAL,SI,1,CRA 12 NRO 6-31,(4)8493854,valpahs01@edatel.net.co,,,
Antioquia,VEGACHÍ,ESE HOSPITAL SAN CAMILO DE LELIS,800114286,LUIS HERNAN SANCHEZ MONTOYA,MUNICIPAL,SI,1,CALLE 49 # 40 - 209,(094) 8305122/ 8305698/8305474,gerenciahospitalvegachi@gmail.com,,,
Antioquia,VENECIA,ESE HOSPITAL SAN RAFAEL,890980367,JUAN DAVID VELASQUEZ RESTREPO,MUNICIPAL,SI,1,CALLE 52 NUMERO 50 82,"8490313, 8491050",gerenciahsrv@gmail.com,,,
Antioquia,VIGÍA DEL FUERTE,EMPRESA SOCIAL DEL ESTADO HOSPITAL ATRATO MEDIO ANTIOQUEÑO,811020943,GRACELIANO ARROYO CUESTA,MUNICIPAL,SI,1,CRA 1°#20A-66 BARRIO PUERTO CARIBE,5748678151,ese.hospital.vigia@gmail.com,,,
Antioquia,YALÍ,ESE HOSPITAL LA MISERICORDIA,890982162,JUAN CARLOS RICO VINASCO,MUNICIPAL,SI,1,Carrera 18 23-24,4-867 56 55,yalihs01@edatel.net.co,,,
Antioquia,YARUMAL,ESE HOSPITAL SAN JUAN DE DIOS YARUMAL,890981726,DORIAN DUVERLY PULGARIN RAMIREZ,MUNICIPAL,SI,2,CARRERA 23 12 13,094 8 53 73 73,hsyarumal@edatel.net.co,,,
Antioquia,YOLOMBÓ,EMPRESA SOCIAL DEL ESTADO HOSPITAL SAN RAFAEL DE YOLOMBO,890981536,GUILLERMO ALONSO ESTRADA GONZÁLEZ,MUNICIPAL,SI,2,KR 24 # 13 - 466,5748654210,"yolohs01@edatel.net.co;
esehospitalyolombo@gmail.com",,,
Antioquia,YONDÓ,ESE Hospital Héctor Abad Gómez,800014884,CESAR AGUSTO PARDO ROSAS,MUNICIPAL,SI,1,KR 58 # 47 B - 50,8325050,esehectorabadgomez@hospitalyondo.gov.co,,,
Arauca,ARAUCA,DIRECCION DE SANIDAD POLICIA NACIONAL,830041314,OSCAR ATEHORTUA DUQUE,NACIONAL,SI,1,CALLE 15 Nº 7-180,8854877,deara.grusa@policia.gov.co,,,
Arauca,ARAUCA,EMPRESA SOCIAL DEL ESTADO JAIME ALVARADO Y CASTILLA,834001482,ALDRIN HELI RODRIGUEZ LUNA,MUNICIPAL,SI,1,CRA 19 # 1 64,8850200,gerencia@esejaimealvardoycastilla.gov.co,,,
Arauca,ARAUCA,ESE HOSPITAL SAN VICENTE DE ARAUCA,800218979,RAUL FERNANDO GARCIA LOYO,DEPARTAMENTAL,SI,2,Carrera 16 calle 15 Esquina,(097) 8850030,hospitalsanvicente@gmail.com,,,
Arauca,ARAUQUITA,DEFENSA CIVIL COLOMBIANA,899999717,MIGUEL ERNESTO PEREZ GUARNIZO,NACIONAL,SI,1,CARRERA 21 N° 18-39,8852292,oficina.arauca@defensacivil.gov.co,,,
Arauca,SARAVENA,HOSPITAL DEL SARARE ESE,800231215,NESTOR BASTIANELLI RAMIREZ,DEPARTAMENTAL,SI,2,CALLE 30 # 19A-82,7-8891385,correspondencia@hospitaldelsarare.gov.co,,,
Arauca,TAME,ESE MORENO Y CLAVIJO,900034131,JOSE VICENTE SANABRIA MONSALVE,DEPARTAMENTAL,SI,1,Calle 23 N° 18-41 Edificio Los Ángeles,097 8857915,"gerencia@esemorenoyclavijo.gov.co;
calidad@esemorenoyclavijo.gov.co",,,
Atlántico,BARANOA,EMPRESA SOCIAL DEL ESTADO HOSPITAL DE BARANOA,890103002,PEDRO LUIS ARAUJO ZARATE,MUNICIPAL,SI,1,CALLE 19 NUMERO 20 - 10,8787602 - 3174405930 - 3174405520,GERENCIA@ESEHOSPITALDEBARANOA.GOV.CO,,,
Atlántico,BARRANQUILLA,DEFENSA CIVIL COLOMBIANA SECCIONAL ATLANTICO,899999717,MIGUEL ERNESTO PEREZ GUARNIZO,NACIONAL,SI,1,CARRERA 41 No.58-10,3415700,jorge.fernandez@defensacivil.gov.co,,,
Atlántico,BARRANQUILLA,EMPRESA SOCIAL DEL ESTADO HOSPITAL NIÑO JESUS DE BARRANQUILLA,802006728,Adolfo Villalobos Pineda,DEPARTAMENTAL,SI,2,CARRERA 75 No.79B-50,3177030,gerencia@eseninojesusbq.gov.co,,,
Atlántico,BARRANQUILLA,HOSPITAL UNIVERSITARIO C.A.R.I. E.S.E.,800253167,ROCÍO DEL CARMEN GAMARRA PEÑA,DEPARTAMENTAL,SI,3,Calle 57 23-100,3309000,gerencia.hucariese@gmail.com,,,
Atlántico,BARRANQUILLA,Servicio Nacional de Aprendizaje SENA,899999034,CARLOS FABIO ALVAREZ ANGEL,NACIONAL,SI,1,CRA 43 No.42-40,3510799,Jlrestrepo@sena.edu.co,,,
Atlántico,CAMPO DE LA CRUZ,EMPRESA SOCIAL DEL ESTADO HOSPITAL DE CAMPO DE LA CRUZ,900017892,CARLOS JULIO DE LEON POLO,MUNICIPAL,SI,1,CL 10 N º 4 - 09,095 8797578,esecampo@gmail.com,,,
Atlántico,CANDELARIA,ESE HOSPITAL DE CANDELARIA,802010301,RENE RUEDA RIBON,MUNICIPAL,SI,1,Calle 15 Nº 22-21,(5) 873 6406 / cel : 3017941072,rrueda70@hotmail.com,,,
Atlántico,GALAPA,EMPRESA SOCIAL DEL ESTADO CENTRO DE SALUD DE GALAPA,802007798,CELIA CRUZ TORRES SUAREZ,MUNICIPAL,SI,1,CL 12 KR 16 ESQ,3086187,esecsg798@hotmail.com,,,
Atlántico,JUAN DE ACOSTA,EMPRESA SOCIAL DEL ESTADO HOSPITAL DE JUAN DE ACOSTA,802003414,EDELBERTO MANUEL ECHEVERRIA ARTETA,MUNICIPAL,SI,1,Calle 7 N° 4 A 39,3015369904,hospitaljuandeacosta@hotmail.com,,,
Atlántico,LURUACO,ESE HOSPITAL LOCAL DE LURUACO,890103025,MAIRA ALEJANDRA HERNANDEZ OSORIO,MUNICIPAL,SI,1,CARRERA 20 Nº 21-181- LA COORDIALIDAD,8749080,eseluruaco@yahoo.es,,,
Atlántico,MALAMBO,EMPRESA SOCIAL DEL ESTADO HOSPITAL DE MALAMBO,802009806,Juan Esteban Sanchez Paez,MUNICIPAL,SI,1,CL 10 A Nº 23 -93,3478777,esehlm@gmail.com,,,
Atlántico,MANATÍ,HOSPITAL DE MANATI ESE,802010401,VERA GUERRERO ESCOBAR,MUNICIPAL,SI,1,KR 5 B Nº 6A -52,958719447,hospitaldemanati.s@hotmail.com,,,
Atlántico,PALMAR DE VARELA,ESE CENTRO DE SALUD CON CAMAS DE PALMAR DE VARELA,802006267,LIGIA MARIA MANOTAS BERDUGO,MUNICIPAL,SI,1,CALLE 11 Nº 9-134,8791871,esepalmar08@hotmail.com,,,
Atlántico,PIOJÓ,HOSPITAL VERA JUDITH IMITOLA VLLANUEVA E.S.E,802007650,SONIA MARGARITA VILLANUEVA NIETO,MUNICIPAL,SI,1,CL 5 Nº 2 - 05,3008998792,hospitalpiojo@hotmail.com,,,
Atlántico,POLONUEVO,EMPRESA SOCIAL DEL ESTADO CENTRO DE SALUD DE POLONUEVO,802004549,LOURDES SIERRA UPARELA,MUNICIPAL,SI,1,CARRERA 6 Nº 7 -05,3106208618,esepolonuevo@hotmail.com,,,
Atlántico,PONEDERA,EMPRESA SOCIAL DEL ESTADO HOSPITAL DE PONEDERA,802009195,MALENA PALACIO BLANCO,MUNICIPAL,SI,1,CARRERA 14 NUMERO 15 - 60,095 8769509,gerente@hospitalponedera.com,,,
Atlántico,PUERTO COLOMBIA,ESE HOSPITAL DE PUERTO COLOMBIA,890103406,ALICIA ELVIRA RUEDA RAMIREZ,MUNICIPAL,SI,1,CL 2 Nº 3 - 13,3095032-3095517,esehospitaldepuertocolombia@gmail.com,,,
Atlántico,REPELÓN,EMPRESA SOCIAL DEL ESTADO HOSPITAL DE REPELON,802001292,JORGE ELIECER JIMENEZ MESINO,MUNICIPAL,SI,1,CL 8 Nº 9 - 22,8709741,,,,
Atlántico,SABANAGRANDE,E.S.E. HOSPITAL MUNICIPAL DE SABANAGRANDE,802003081,CELIA INES MARENCO SARMIENTO,MUNICIPAL,SI,1,KR 11 N° 9 - 50,8791402,,,,
Atlántico,SABANALARGA,ESE CENTRO MATERNO INFANTIL DE SABANALARGA,802010241,ONERYS MARIA ILIAS MELGAREJO,MUNICIPAL,SI,1,CALLE 28 Nº 22 - 45,8781332,calidadceminsa@gmail.com,,,
Atlántico,SABANALARGA,ESE HOSPITAL DEPARTAMENTAL DE SABANALARGA,890103127,MARIA INMACULADA JOYA CARO,DEPARTAMENTAL,SI,2,CL 25 Nº 8 - 25,8781338 - 8780382,contactenos.esehds.gov.co,,,
Atlántico,SANTA LUCÍA,E.S.E. CENTRO DE SALUD DE SANTA LUCIA,802006991,KAREN MAREGARITA REALES OROZCO,MUNICIPAL,SI,1,CL 7 Nº 4 - 12,3008032115,esecentrosaludsantalucia@hotmail.com,,,
Atlántico,SANTO TOMÁS,ESE HOSPITAL DE SANTO TOMAS,800174123,DIANA CECILIA DE LA HOZ PERTUZ,MUNICIPAL,SI,1,KR 13 Nº 11 - 70,8790494,esehospitalsantotomas@gmail.com,,,
Atlántico,SOLEDAD,CLINICA DE LA POLICIA REGIONAL CARIBE,802016407,MATILDE ELENA DE LA HOZ FLOREZ,NACIONAL,SI,2,AVENIDA CIRCUNVALAR NUMERO 45-124,3669560 EXT 8231,disan.clica-secsa@policia.gov.co,,,
Atlántico,SOLEDAD,EMPRESA SOCIAL DEL ESTADO HOSPITAL MATERNO INFANTIL CIUDADELA METROPOLITANA DE SOLEDAD,802013023,CLAUDIA ELIZABETH ARENAS TORRES,MUNICIPAL,SI,1,KR 53 A No 8 - 10,3759400,lisisac15@hotmail.com,,,
Atlántico,SOLEDAD,HOSPITAL DEPARTAMENTAL JUAN DOMINGUEZ ROMERO E.S.E SOLEDAD - ATLANTICO,802009766,LIBARDO MOISES BERDUGO BOJANINI,DEPARTAMENTAL,SI,2,CL 15 Nº 21 -60,3435974,,,,
Atlántico,SUAN,EMPRESA SOCIAL DEL ESTADO UNIDAD LOCAL DE SUAN,802009856,DAZEHIRA DEL CRISTO DE LEON POLO,MUNICIPAL,SI,1,CL 6 Nº 15 - 16,8723044,esesuan@hotmail.com,,,
Atlántico,TUBARÁ,ESE CENTRO DE SALUD DE TUBARÁ,802009463,LUIS GERMAN PACHECO RODRIGUEZ,MUNICIPAL,SI,1,CALLE 2 No. 10-60,8737031,esecentrodesaluddetubara@hotmail.com,,,
Atlántico,USIACURÍ,ESE CENTRO DE SALUD USIACURI JOSE MARIA FEREZ FARAH,802009049,PEDRO DE JESUS VILLA PAYARES,MUNICIPAL,SI,1,CARRERA 22#8C-47,3205470900,hospitalusiacuri@gmail.com,,,
Bogotá D.C,BOGOTÁ,Camara de Representantes,899999098,MARIA CAROLINA CARRILLO SALTAREN,NACIONAL,SI,1,Calle 10 No. 7-50,4325200,direccion.administrativa@camara.gov.co,,,
Bogotá D.C,BOGOTÁ,COLEGIO CLARETIANO DE BOSA,800231790,JOSE MARIA FLOREZ JAIMES,DISTRITAL,SI,3,CL 60 SUR # 80 K 02,7829059,colclare@etb.net.co,,,
Bogotá D.C,BOGOTÁ,COLEGIO DISTRITAL REPUBLICA DE COLOMBIA,860532330,MARIO ERNESTO MORALES MARTINEZ,DISTRITAL,SI,1,CL 68 # 69 10 BLOQUE B PI 1,2509683,coldirepdecolombia10@redp.edu.co,,,
Bogotá D.C,BOGOTÁ,COLEGIO MANUELA BELTRAN IED,860532407,DORIS STELLA VERGARA DE MONSALVE,DISTRITAL,SI,1,CRA 14A N° 57-28 PISO 2 Consultorio 1 y 2,2552363,IDMANUELABELTRAN13@REDP.EDU.CO,,,
Bogotá D.C,BOGOTÁ,COLEGIO VEINTIUN ANGELES I.E.D,830037739,EDGAR ALFONSO VELASQUEZ VENEGAS,DISTRITAL,SI,1,KR 90 No 154 A - 09,6838616,colventiunangeles11@redp.edu.co,,,
Bogotá D.C,BOGOTÁ,COLEGIO VIRGINIA GUTIERREZ DE PINEDA IED,900207730,Victor Henry Beltran Beltran,DISTRITAL,SI,1,CL 131 B # 94 F 31,6836225,colvirginiagutipined@redp.edu.co,,,
Bogotá D.C,BOGOTÁ,DEFENSA CIVIL COLOMBIANA,899999717,MIGUEL ERNESTO PEREZ GUARNIZO,NACIONAL,SI,1,CARRERA 27 A No. 52A02 Galerìas,144 - 7025491,sec.bogota@defensacivil.gov.co,,,
Bogotá D.C,BOGOTÁ,DEPARTAMENTO ADMINISTRATIVO DE LA PRESIDENCIA DE LA REPUBLICA,899999083,MARIA LORENA GUTIERREZ BOTERO,NACIONAL,SI,1,CALLE 7 Nº 6-54,5629300,carmenzuleta@presidencia.gov.co,,,
Bogotá D.C,BOGOTÁ,"DEPARTAMENTO ADMINISTRATIVO DEL DEPÓRTE,LA RECREACION, LA ACTIVIDAD FISICA Y EL APROVECHAMIENTO DEL TIEMPO LIBRE-COLDEPORTES",899999306,CLARA LUZ ROLDAN GONZALEZ,NACIONAL,SI,1,AC 63 # 59 A- 06,4377030- 4377100 EXT.1003-1008,coldeportes@coldeportes.gov.co,,,
Bogotá D.C,BOGOTÁ,DEPARTAMENTO ADMINISTRATIVO NACIONAL DE ESTADÍSTICA,899999027,MAURICIO PERFETTI DEL CORRAL,NACIONAL,SI,1,CARRERA 59 No 26 - 70 INTERIOR 1 CAN,5978300 EXT. 2248,zmrodriguezv@dane.gov.co,,,
Bogotá D.C,BOGOTÁ,DIRECCION DE SANIDAD POLICIA NACIONAL,830041314,OSCAR ATEHORTUA DUQUE,NACIONAL,SI,3,CRA. 59 No. 26 21 CAN,2202146-2202600,hocen.direc@policia.gov.co,,,
Bogotá D.C,BOGOTÁ,EMPRESA SOCIAL DEL ESTADO CENTRO DERMATOLOGICO FEDERICO LLERAS ACOSTA,800247350,Claudia Marcela Rojas Daza,NACIONAL,SI,3,Avenida 1a. No. 13A - 61,912428160,direccion@dermatologia.gov.co,,,
Bogotá D.C,BOGOTÁ,EMPRESA SOCIAL DEL ESTADO HOSPITAL UNIVERSITARIO DE LA SAMARITANA,899999032,JAVIER FERNANDO MANCERA GARCIA,DEPARTAMENTAL,SI,3,CRA 8 No. 0-29 SUR,091 3371567,gerencia@hus.org.co,,,
Bogotá D.C,BOGOTÁ,ESCUELA SUPERIOR DE ADMINISTRACION PUBLICA ESAP,899999054,ELVIA MARIA MEJIA FERNANDEZ,NACIONAL,SI,1,CALLE 44 53 37,2202790,clara.suarez@esap.edu.co,,,
Bogotá D.C,BOGOTÁ,ESE INSTITUTO NACIONAL DE CANCEROLOGIA,899999092,CAROLINA WIESNER CEBALLOS,NACIONAL,SI,3,Cl 1 No 9-85,0914320160 Ext. 2000 - 2001,direccion@cancer.gov.co,,,
Bogotá D.C,BOGOTÁ,FONDO DE BIENESTAR SOCIAL DE LA CONTRALORIA GENERAL DE LA REPUBLICA,800252683,INDIRA MARIA GUTIERREZ ACUÑA,NACIONAL,SI,1,CL 35 # 21 48,3203109,gerenciafbs@contraloriagen.gov.co,,,
Bogotá D.C,BOGOTÁ,HOSPITAL MILITAR CENTRAL,830040256,CLARA ESPERANZA GALVIS DIAZ,NACIONAL,SI,3,TV 3 No 49-00,"3486868- ext3001-3002, cel 3158653821","ayudantia@hospitalmilitar.gov.co;
garantiadecalidadhmc@gmail.com",,,
Bogotá D.C,BOGOTÁ,INSTITUCION EDUCATIVA DISTRITAL GUILLERMO LEÓN VALENCIA - NUESTRA SEÑORA DE LA SABIDURIA - REPUBLICA DE PANAMÁ,860532366,JAVIER MAURICIO RUIZ GALINDO,DISTRITAL,SI,1,KR 24 B # 16 03 SUR Primer piso,278 27 16 EXT. 102,coldiguillermoleon15@redp.edu.co,,,
Bogotá D.C,BOGOTÁ,INSTITUCION EDUCATIVA DISTRITAL TOBERIN,830007423,SHEILA MARGOTH SALAZAR BARRIOS,DISTRITAL,SI,1,CL 166 #16 C -15 PI 2 OF 204,6696782 6780780,cedtoberin1@redp.edu.co,,,
Bogotá D.C,BOGOTÁ,INSTITUTO DISTRITAL PARA LA RECREACION Y EL DEPORTE,860061099,PEDRO ORLANDO MOLANO PEREZ,DISTRITAL,SI,1,CL 63 # 47-06,6605400,juanc.quiceno@idrd.gov.co,,,
Bogotá D.C,BOGOTÁ,INSTITUTO NACIONAL DE SALUD,899999403,FERNANDO PIO DE LA HOZ RESTREPO,NACIONAL,SI,1,Avenida Calle 26 No. 51-20 - Zona 6 CAN,2207700,contactenos@ins.gov.co,,,
Bogotá D.C,BOGOTÁ,INSTITUTO PARA PROTECCIÓN DE LA NIÑEZ Y LA JUVENTUD IDIPRON,899999333,ROBERTO ANTONIO CONTRERAS MORA,DISTRITAL,SI,1,Carrera 27 A No 63 B - 07,3100411,direcciongeneral@idipron.gov.co,,,
Bogotá D.C,BOGOTÁ,SECRETARIA DISTRITAL DE INTEGRACIÒN SOCIAL,899999061,MARIA CONSUELO ARAUJO CASTRO,DISTRITAL,SI,1,calle 11 Nº 8 - 49.,3446421,esanchez@bienestarbogota.gov.co,,,
Bogotá D.C,BOGOTÁ,SENADO DE LA REPUBLICA,899999103,ASTRID SALAMANCA RAHIN,NACIONAL,SI,1,CARRERA 7 No 8-68 SOTANO CAPITOLIO NACIONAL SENADO DE LA REPUBLICA,3825183,bienestar@senado.gov.co,,,
Bogotá D.C,BOGOTÁ,Servicio Nacional de Aprendizaje SENA,899999034,CARLOS FABIO ALVAREZ ANGEL,NACIONAL,SI,1,DG 39 A Bis 14 - 76,2855292,gchaves@sena.edu.co,,,
Bogotá D.C,BOGOTÁ,SUBRED INTEGRADA DE SERVICIOS DE SALUD CENTRO ORIENTE E.S.E,900959051,MARTHA YOLANDA RUIZ VALDES,DISTRITAL,SI,3,DIAGONAL 34 NUMERO 5-43,3444484,subcentrooriente@saludcapital.gov.co,,,
Bogotá D.C,BOGOTÁ,SUBRED INTEGRADA DE SERVICIOS DE SALUD NORTE E.S.E,900971006,YIDNEY ISABEL GARCIA RODRIGUEZ,DISTRITAL,SI,3,CALLE 66 NÚMERO 15-41,3499080,subrednorte@saludcapital.gov.co,,,
Bogotá D.C,BOGOTÁ,SUBRED INTEGRADA DE SERVICIOS DE SALUD SUR E.S.E.,900958564,GLORIA LIBIA POLANIA AGUILLON,DISTRITAL,SI,3,TV 44 No. 51B - 16 SUR,4853551 - 4853715,subredsur@saludcapital.gov.co,,,
Bogotá D.C,BOGOTÁ,Subred Integrada de Servicios de Salud Sur Occidente E.S.E,900959048,VICTORIA EUGENIA MARTINEZ PUELLO,DISTRITAL,SI,3,Calle 9 No 39-46,3753569,gerencia@subredsuroccidente.gov.co,,,
Bogotá D.C,BOGOTÁ,UNIVERSIDAD COLEGIO MAYOR DE CUNDINAMARCA,800144829,CARLOS ALBERTO CORRALES MEDINA,DEPARTAMENTAL,SI,1,CALLE 28 # 5B 02,2841717,,,,
Bogotá D.C,BOGOTÁ,UNIVERSIDAD DISTRITAL FRANCISCO JOSE DE CALDAS,899999230,CARLOS JAVIER MOSQUERA SUAREZ,DISTRITAL,SI,1,CARRERA 7 #40 B-53 SOTANO,3239300,bienestarud@udistrital.edu.co,,,
Bogotá D.C,BOGOTÁ,UNIVERSIDAD EAN,860026058,RUBEN DARIO GOMEZ SALDAÑA,NACIONAL,SI,1,KR 11 # 78 47,5936464 Ext 1181 - 1123 Cel 3174022282,universidadsaludable@universidadean.edu.co,,,
Bogotá D.C,BOGOTÁ,UNIVERSIDAD MILITAR NUEVA GRANADA,800225340,HUGO RODRIGUEZ DURAN,MUNICIPAL,SI,1,CRA 11 # 101 80,2757300,,,,
Bogotá D.C,BOGOTÁ,UNIVERSIDAD NACIONAL DE COLOMBIA,899999063,IGNACIO MANTILLA PRADA,MUNICIPAL,SI,1,DIAG 40 TV 38 ESTEQ,3165264,GERSALUD@UNAL.EDU.CO,,,
Bogotá D.C,BOGOTÁ,UNIVERSIDAD PEDAGOGICA NACIONAL,899999124,ADOLFO LEON ATEHORTUA CRUZ,NACIONAL,SI,1,CL 72 # 11 86,3471190 EXT 126/370,jpinzon@pedagogica.edu.co,,,
Bolívar,ACHÍ,ESE HOSPITAL LOCAL SAN JOSE DEACHI,806007813,FELICIDAD RODRIGUEZ OROZCO,MUNICIPAL,SI,1,CALLE SAN JOSE,3116599802 - 3116681381,esehospitalachi@yahoo.com,,,
Bolívar,ALTOS DEL ROSARIO,ESE CENTRO DE SALUD CON CAMA MANUEL H ZABALETA G.,900063533,MARITZA PEDROZO ZAMBRANO,MUNICIPAL,SI,1,BARRIO CENTRO CALLE LAS FLORES,3013742084 - 3148540252,esemanuelhzabaleta@hotmail.com,,,
Bolívar,ARENAL,ESE HOSPITAL LOCAL MANUELA PABUENA LOBO,806007809,YIRANA BARRIOS PABUENA,MUNICIPAL,SI,1,calle 15 No. 14-21,3106502456 - 3014461699 -,"gerentehmpl@gmail.com;
hmanuelapl@hotmail.com",,,
Bolívar,ARJONA,ESE HOSPITAL LOCAL ARJONA,806007923,TOMAS JOSE RODRIGUEZ MANOTAS,MUNICIPAL,SI,1,Barrio San Josè de Turbaquito No. 46-14 Arjona Bolìvar,6291614 - 3145943919,esehospiarjona@yahoo.com,,,
Bolívar,ARROYOHONDO,ESE CENTRO DE SALUD CON CAMAS DE ARROYOHONDO,806008082,ALESAGRIS CORONELL CUETO,MUNICIPAL,SI,1,CARRERA 1° # 104 CALLE PRINCIPAL,3233628973 - 3105800021,alesagriscoronell@gmail.com,,,
Bolívar,BARRANCO DE LOBA,ESE HOSPITAL JOSE RUDECINDO LOPEZ PARODI,806006753,ERICA IBETH COSSIO MORENO,MUNICIPAL,SI,1,PUEBLO NUEVO,3106371253 - 3106370214,"hospital01barrancodeloba@hotmail.com;
ericacossiomoreno@hotmail.com",,,
Bolívar,CALAMAR,ESE HOSPITAL LOCAL DE CALAMAR,806006537,ANA LUCILA HERRERA ROJAS,MUNICIPAL,SI,1,KARRERA 2 # 1-78 BARR CENTRO,6208491 - 3205214523,analucilahr@yahoo.es,,,
Bolívar,CANTAGALLO,ESE CENTRO DE SALUD CON CAMAS DE CANTAGALLO,829001887,JULIO ANDRES OROZCO MARTINEZ,MUNICIPAL,SI,1,CALLE 1ª Nº 4-41,097 613 2274,esecantagallo2016@gmail.com,,,
Bolívar,CARTAGENA,ALCALDIA CARTAGENA DE INDIAS DISTRITO TURISTICO Y CULTURAL,890480184,MARTHA CARVAJAL HERRERA,DISTRITAL,SI,1,PLAZA DE LA ADUANA ALCALDIA OFICINA DE TALENTO HUMANO,6648371,doloresalvarezp@hotmail.es,,,
Bolívar,CARTAGENA,CAJA DE PREVISION SOCIAL DE LA UNIVERSIDAD DE CARTAGENA,806000509,EDUARDO ENRIQUE SAYAS CONTRERAS,DEPARTAMENTAL,SI,2,CENTRO CALLE SARGENTO MAYOR No 6-39,6601982 - 6641421 - 6600675,caja_prevision_unicartagena@yahoo.es,,,
Bolívar,CARTAGENA,EMPRESA SOCIAL DEL ESTADO CLINICA MATERNIDAD RAFAEL CALVO,806001061,JORGE EDUARDO QUINTERO BULA,DEPARTAMENTAL,SI,2,ALCIBIA SECTOR MARIA AUXILIADORA,6724060,gerencia@maternidadrafaelcalvo.gov.co,,,
Bolívar,CARTAGENA,EMPRESA SOCIAL DEL ESTADO HOSPITAL UNIVERSITARIO DEL CARIBE,900042103,FERNANDO ENRIQUE TRILLO FIGUEROA,DEPARTAMENTAL,SI,3,ZARAGOCILLA CALLE 29 No 50-50,6726017,,,,
Bolívar,CARTAGENA,ESE HOSPITAL LOCAL CARTAGENA DE INDIAS,806010305,ROQUE ISMAEL BOSSIO BERMUDEZ,DISTRITAL,SI,1,PIE DE LA POPA - CALLE NUEVA DEL TORIL CALLE 33 No 22-54,65639331,Ccalidad@esecartagenadeindias.gov.co,,,
Bolívar,CARTAGENA,Servicio Nacional de Aprendizaje SENA,899999034,CARLOS FABIO ALVAREZ ANGEL,DEPARTAMENTAL,SI,1,Castellana Cll 3 No. 31-34 Edificio Inmibiliaria Castellana 20000 oficina 301,6530743 - 6710499,psuarez@sena.edu.co,,,
Bolívar,CARTAGENA,UNIVERSIDAD DE CARTAGENA,890480123,EDGAR PARRA CHACON,DEPARTAMENTAL,SI,3,CENTRO CALLE DE LA UNIVERSIDAD,6600676,rector@unicartagena.edu.co,,,
Bolívar,CICUCO,ESE HOSPITAL LOCAL DE CICUCO,806007161,KAREN MARRUGO POLO,MUNICIPAL,SI,1,CALLE 17 # 14-69 AVENIDA 20 DE JULIO,3042462956 - 3006566414,eselocalcicucobolivar@hotmail.com,,,
Bolívar,CÓRDOBA,ESE CENTRO DE SALUD CON CAMAS CORDOBA BOLIVAR,806012905,JAIR ENRIQUE QUINTERO MARTINEZ,DEPARTAMENTAL,SI,1,CALLE PRINCIPAL,4859047 - 3116845626,jquinteromar@hotmail.com,,,
Bolívar,EL CARMEN DE BOLÍVAR,ESE CENTRO DE SALUD GIOVANI CRISTINI,806007801,EFRAIN CABARCAS CABARCAS,MUNICIPAL,SI,1,CALLE 24 KRA 49 ESQUINA,6860447 - 3014358156,esehospitalgc@gmail.com,,,
Bolívar,EL CARMEN DE BOLÍVAR,ESE HOSPITAL NUESTRA SEÑORA DEL CARMEN,900196346,JACQUELINE DEL SOCORRO COHEN COGOLLO,DEPARTAMENTAL,SI,2,CALLE 23 # 56 - 32,6861940 - 3116983993- 3165267606,esecarmenbol@hotmail.com,,,
Bolívar,EL PEÑÓN,ESE CENTRO DE SALUD CON CAMAS EL PEÑON BOLIVAR,806011087,HUGO CESAR HORMECHEA LEDESMA,MUNICIPAL,SI,1,TRANSVERSAL 7 No 7-08,3145171254 - 3107912455,belindagama1308@hotmail.com,,,
Bolívar,HATILLO DE LOBA,ESE HOSPITAL HATILLO DE LOBA,806013761,MAYLEN LUCIA CURREA PABA,MUNICIPAL,SI,1,CALLE 8 CRA 6 # 6-25,3126926600 - 3126321690,"esehatillodeloba@hotmail.com;
maylencp@homail.com",,,
Bolívar,MAGANGUÉ,EMPRESA SOCIAL DEL ESTADO HOSPITAL LA DIVINA MISERICORDIA,900196347,CANDELARIA VALDELAMAR MARTINEZ,DEPARTAMENTAL,SI,2,Avenida Colombia Nº13-146,6888223-3017573836- 6881770,esehospitaldivinamisericordia@hotmail.com,,,
Bolívar,MAGANGUÉ,EMPRESA SOCIAL DEL ESTADO RIO GRANDE DE LA MAGDALENA DEL MUNICIPIO DE MAGANGUE,806013598,YADIRA MAYERLYS BLANCO HERNANDEZ,MUNICIPAL,SI,1,CALLE 14B 2 14 BARRIO CENTRO,3202318026,gerenciaesemagangue@gmail.com,,,
Bolívar,MAHATES,E.S.E. HOSPITAL LOCAL MAHATES,806007880,JULIETH PAOLA SANTANDER SANTANDER,MUNICIPAL,SI,1,CALLE 18 # 41 -10 SANTANDER,3114272424-3145472177-3185931694,"hlmahates@outlook.com;
jupasansan17@hotmail.com",,,
Bolívar,MARÍA LA BAJA,HOSPITAL LOCAL MARIA LA BAJA ESE,806010788,YARELIS ADELADA BUENDIA SANDOVAL,MUNICIPAL,SI,1,Calle 20 Nº 8 78,62621103 - 3145508090,esehlmbajagerencia@hotmail.com,,,
Bolívar,MOMPÓS,ESE HOSPITAL LOCAL SANTA MARIA,806007257,YOLEIDA MEJIA TORRES,MUNICIPAL,SI,1,CRA 3 No. 24 - 01,3126221470 - 3107062887,"gerencia@esesantamariamompox.gov.co;
yolepisis@hotmail.com",,,
Bolívar,MONTECRISTO,ESE CENTRO DE SALUD CON CAMAS DE MONTECRISTO,806008930,MARIA EUGENIA ALEMAN MEDINA,MUNICIPAL,SI,1,CALLE PRINCIPAL SECTOR CENTRAL,3205537998 - 3113078224,"esemontecristobolivar@gmail.com;
mariaeu_70@hotmail.com",,,
Bolívar,MORALES,ese hospital san sebastian,806007002,DOMICIANO DITTA SERPA,MUNICIPAL,SI,1,KM 1 VIA A PUERTO BOLIVAR,3114162680,hospitalsansebastianmoralesbol@gmail.com,,,
Bolívar,PINILLOS,ESE HOSPITAL SAN NICOLAS DE TOLENTINO,806007343,GONZALO CABALLERO RANGEL,DEPARTAMENTAL,SI,1,CARRERA 4 CALLE 6-22,3116598481 - 3145472769,hospitaldepinillos@hotmail.com,,,
Bolívar,RÍO VIEJO,ESE HOSPITAL LOCAL LA CANDELARIA,806008153,LEIDYS ROCIO MENDOZA OSPINO,MUNICIPAL,SI,1,CALLE CUARTA # 8-77,5657368 - 3158090638 - 3204841200,slacandelaria@yahoo.es,,,
Bolívar,SAN ESTANISLAO,ESE HOSPITAL LOCAL ANA MARIA RODRIGUEZ,806007238,JADER FABIAN FRIAS OROZCO,MUNICIPAL,SI,1,BARRIO EL CARMEN CALLE PRINCIPAL,3218441269 3106704061 3147244600,esehlamr@hotmail.com,,,
Bolívar,SAN FERNANDO,ESE HOSPITAL LOCAL SANFERNANDO BOLIVAR,806007689,KARIN CARDENAS TORRES,MUNICIPAL,SI,1,BARRIO SANTO DOMINGO,3106532749 - 3134469690,karicato@hotmail.com,,,
Bolívar,SAN JACINTO,E.S.E. HOSPITAL LOCAL SAN JACINTO,806007303,IVON MARIA DE LEON TAPIA,MUNICIPAL,SI,1,CARRERA 40 No. 15 - 33 BARRIO LA GLORIA,6868002 - 3137403364-3137407159,"esehospitalsanjacinto@hotmail.com;
ivonmariadt@yahoo.es",,,
Bolívar,SAN JACINTO DEL CAUCA,ESE CENTRO DE SALUD CON CAMA,806014499,LUDIS ELENA CHAVEZ BARRIOS,MUNICIPAL,SI,1,CALLE 5 No 5-21 PRINCIPAL,3117574653 - 3218932424,elenachbar@hotmail.com,,,
Bolívar,SAN JUAN NEPOMUCENO,ESE HOSPITAL LOCAL SAN JUAN NEPOMUCENO,806006414,LUIS ALBERTO BARRIOS MASHUD,MUNICIPAL,SI,1,Calle 12 No 8-68,6890516 - 3135744001 - 3135744002 - 3182165992 - 3205598672,sanjuanhospital@hotmail.com,,,
Bolívar,SAN MARTÍN DE LOBA,ESE HOSPITAL LOCAL SAN MARTIN DE LOBA,806007769,DINA LUZ LEON RODRIGUEZ,MUNICIPAL,SI,1,KRA 24 CON CALLE 7 ESQUINA,3114145513,hospital_san_martin@yahoo.es,,,
Bolívar,SAN PABLO,ESE HOSPITAL LOCAL SAN PABLO,829000940,SANDRA CARDENAS ULLOA,MUNICIPAL,SI,1,CARRERA 6 Nº 18 - 68,0976 -236598 - 3186969519,esehlsp@yahoo.com.mx,,,
Bolívar,SANTA CATALINA,ESE HOSPITAL LOCAL DE SANTA CATALINA DE ALEJANDRIA,806013609,FRANCISCO JOSE VEGA ARRUTH,MUNICIPAL,SI,1,BARRIO ABAJO,3005233620,pachovega01@hotmail.com,,,
Bolívar,SANTA ROSA,ESE HOSPITAL LOCAL SANTA ROSA DE LIMA,806008270,JOSE MARIA GOMEZ LLAMAS,MUNICIPAL,SI,1,BARRIO REDENTOR AVENIDA PRINCIPAL,6297042 - 3116555662 - 3215418631,"esehsantarosadelima@gmail.com;
joegomezllamas@yahoo.es",,,
Bolívar,SANTA ROSA DEL SUR,ESE HOSPITAL MANUEL ELKIN PATARROYO,829001256,GLORIA SOFIA OVALLE HERRERA,MUNICIPAL,SI,1,Calle 13 Nº 20A 30 P1 LC 1,095-5697288 -5697400 - 5697108 - 3165414629 - 3132074127,"contactenos@esemanuelelkinpatarroyo.gov.co;
hospimep@gmail.com",,,
Bolívar,SIMITÍ,E.S.E HOSPITAL SAN ANTONIO DE PADUA,900196366,JESSICA ABELLO VILLEGAS,DEPARTAMENTAL,SI,2,Calle 10 Nº 10 - 16,3102115303-3174049558,contactenos@esehospitalsanantoniodepaduadesimiti.gov.co,,,
Bolívar,SOPLAVIENTO,ESE CENTRO DE SALUD CON CAMA VITALIO SARA CASTILLO,806007780,FREDYS DURANT CASTILLO,MUNICIPAL,SI,1,SOPLAVIENTO - BOLIVAR CALLE ROMAN VELEZ Nº 5A - 10,3136867516-3135572657,gerenciaesevitaliosaracastillo@gmail.com,,,
Bolívar,TALAIGUA NUEVO,ESE HOSPITAL LOCAL DE TALAIGUA,806007464,SHEYLA PATRICIA ALVAREZ PUELLO,MUNICIPAL,SI,1,KARRERA 12 No 7-16,3105251386 - 3004732644,"hospitalaiguanuevo@yahoo.com;
esehtln@outlook.com",,,
Bolívar,TIQUISIO,ESE HOSPITAL SAN JUAN DE PUERTO RICO,806007567,OSCAR JULIO RINCON HERNANDEZ,MUNICIPAL,SI,1,BARRIO LOMA FRESCA CALLE PRINCIPAL,3005604855 - 3014699530,esetiquisio@yahoo.es,,,
Bolívar,TURBACO,ESE HOSPITAL LOCAl TURBACO,806005602,EDGAR RAFAEL LOMBANA PUELLO,DEPARTAMENTAL,SI,1,CARRETERA TRONCAL DE OCCIDENTE DIAGONAL BOMBA ESSO,6557007 - 6639219 - 3186023124,hospitalturbaco@gmail.com,,,
Bolívar,TURBANA,EMPRESA SOCIAL DEL ESTADO HOSPITAL LOCAL TURBANA,806007817,JADER ENRIQUE JACOME GUERRERO,MUNICIPAL,SI,1,barrio la Victoria entrada principal,3233145732,jaderjacome2008@hotmail.com,,,
Bolívar,ZAMBRANO,ESE HOSPITAL LOCAL SAN SEBASTIAN,806006914,RENNY DE JESUS BARANDICA MANOTAS,MUNICIPAL,SI,1,CARRERA 17 No. 2-32 Esquina.,3225394968 - 3045569855,rennyb20@hotmail.com,,,
Boyacá,AQUITANIA,ESE SALUD AQUITANIA,891855492,LIDA CONSUELO BERNAL AGUIRRE,MUNICIPAL,SI,1,CL 8 N 7 60,7794136,ESEAQUITANIA@HOTMAIL.ES,,,
Boyacá,ARCABUCO,EMPRESA SOCIAL DEL ESTADO CENTRO DE SALUD DE ARCABUCO,820003382,LEONARDO AVILA SARMIENTO,MUNICIPAL,SI,1,KILOMETRO 1 VIA MONIQUIRA,7360027,esearcabuco.boy@gmail.com,,,
Boyacá,BELÉN,"ESE CENTRO DE SALUD ""NUESTRA SEÑORA DE BELEN""",826002660,OMAR ALEJANDRO NOSSA RAMIREZ,MUNICIPAL,SI,1,KR 6 No 4-19,7870030,esesaludbelen498@hotmail.com,,,
Boyacá,BERBEO,EMPRESA SOCIAL DEL ESTADO CENTRO DE SALUD JUAN FRANCISCO BERBEO,820003929,YINETH PRAXEDIS DOMÍNGUEZ MORENO,MUNICIPAL,SI,1,Cll2 Nº 5-0,3114526641 3114526659,eseberbeo@yahoo.com,,,
Boyacá,BETÉITIVA,ESE CENTRO DE SALUD BETEITIVA,826002862,MARIA CAROLINA SALCEDO ROBLEDO,MUNICIPAL,SI,1,PARQUE PRINCIPAL,3125870804,esebeteitiva@gmail.com,,,
Boyacá,BOYACÁ,EMPRESA SOCIAL DEL ESTADO CENTRO DE SALUD SAN JOSE,820003622,MADELEINE CIFUENTES MUÑOZ,MUNICIPAL,SI,1,CARRERA 3 # 6-101,3202340821- 3202339579,centrodesaludboy@hotmail.com,,,
Boyacá,BRICEÑO,EMPRESA SOCIAL DEL ESTADO CENTRO DE SALUD BRICEÑO,820003787,JULIE IVONNE ORTIZ CASAS,MUNICIPAL,SI,1,CR 4 Nº 3-22 Briceño centro,3103464713-3115976523-3143028175,"esebricenoboy@hotmail.com;
esebricenoboy@gmail.com",,,
Boyacá,BUENAVISTA,EMPRESA SOCIAL DEL ESTADO CENTRO DE SALUD SANTA ISABEL BUENAVISTA,820003550,JUAN FRANCISCO VILLAREAL DUARTE,MUNICIPAL,SI,1,CRA. 3 N° 1- 24,3105628168,esebuenavista@hotmail.com,,,
Boyacá,CALDAS,EMPRESA SOCIAL DEL ESTADO CENTRO DE SALUD LAS MERCEDES CALDAS,820003456,DEISY USMA PINILLA,MUNICIPAL,SI,1,CALLE 4 No 1-39,8024606-3134329090,esecaldas1@hotmail.com,,,
Boyacá,CAMPOHERMOSO,E.S.E CENTRO DE SALUD CAMPOHERMOSO,820003910,MARIA ALEJANDRA MONROY PEÑA,MUNICIPAL,SI,1,CL 2 3-15,3202315788,esecampohermoso@gmail.com,,,
Boyacá,CERINZA,EMPRESA SOCIAL DEL ESTADO CENTRO DE SALUD CERINZA,826002641,ELIX YANNETH BAEZ GALVIS,MUNICIPAL,SI,1,cl 7 No. 7 -23x,3202332713,"esecerinza@hotmail.com;
gerenciacerinza@gmail.com",,,
Boyacá,CHIQUINQUIRÁ,EMPRESA SOCIAL DEL ESTADO HOSPITAL REGIONAL DE CHIQUINQUIRA,820005389,LUZ MARINA ESTUPIÑAN MERCHAN,DEPARTAMENTAL,SI,2,kRA 13 # 18 - 60,7261152,hospitalchiquinquira@yahoo.com,,,
Boyacá,CHÍQUIZA,E.S.E CENTRO DE SALUD SAN PEDRO DE IGUAQUE,820003365,APDELGAFER JIMENEZ TORRES,MUNICIPAL,SI,1,CARRERA 7 # 3 - 56,987403211,esesanpedroiguaque@yahoo.es,,,
Boyacá,CHITARAQUE,ESE CENTRO DE SALUD DE CHITARAQUE,820003580,JAVIER ARMANDO GONZALEZ GARAVITO,MUNICIPAL,SI,1,CR 5 3 - 15,7290719,esechitaraque@yahoo.com,,,
Boyacá,CHIVATÁ,EMPRESA SOCIAL DEL ESTADO CENTRO DE SALUD NUESTRA SEÑORA DEL ROSARIO DE CHIVATA,820003558,JOANA ESPERANZA HERNANDEZ CRUZ,MUNICIPAL,SI,1,CRA 3 2-78,3102892954,esechivata@yahoo.com,,,
Boyacá,CIÉNEGA,EMPRESA SOCIAL DEL ESTADO PUESTO DE SALUD DE CIENEGA,820002468,JYMENA CORTES PEÑA,MUNICIPAL,SI,1,KR 7 No 3-56,314 3359538,esecienega@gmail.com,,,
Boyacá,CÓMBITA,EMPRESA SOCIAL DEL ESTADO CENTRO DE SALUD DE COMBITA,820003411,CARLOS EDUARDO MACHADO JIMENEZ,MUNICIPAL,SI,1,KR 5 1 80,987310017,csaludcombita@hotmail.es,,,
Boyacá,COPER,E.S.E. CENTRO DE SALUD LUIS LANCHEROS,820003571,FELKIN IVAN CASTELLANOS VALBUENA,MUNICIPAL,SI,1,CRA 2 # 4-91,3115898712-3115898708-8024901,esecoper@yahoo.com,,,
Boyacá,CORRALES,EMPRESA SOCIAL DEL ESTADO PUESTO DE SALUD CORRALES,826002693,LEIDY LIZETH SALAMANCA CASTAÑEDA,MUNICIPAL,SI,1,KR 4 # 4 - 07,(098) 7777 185,saludcorrales@hotmail.com,,,
Boyacá,CUBARÁ,HOSPITAL ESPECIAL DE CUBARA EMPRESA SOCIAL DEL ESTADO,826002304,ANA ZULEYMA MENDOZA NIÑO,DEPARTAMENTAL,SI,1,CL 3 # 5-47,097/8838077,gerencia@hospitalcubara.gov.co,,,
Boyacá,CUCAITA,EMPRESA SOCIAL DEL ESTADO CENTRO DE SALUD SANTA LUCIA,820003388,BLANCA LOLA ARIAS GARCIA,MUNICIPAL,SI,1,CALLE 9A Numero 7-36,"0987340081, 3112023299",esecucaita@gmail.com,,,
Boyacá,CUÍTIVA,empresa social del estado lagosalud cuitiva,826002609,CLARA ELIZABETH VARGAS ALVAREZ,MUNICIPAL,SI,1,CALLE 4 CARRERA 4 ESQUINA,3118976861/3102605571,empresa.lago@yahoo.es,,,
Boyacá,DUITAMA,EMPRESA SOCIAL DEL ESTADO HOSPITAL REGIONAL DE DUITAMA,891855438,FLOR ALICIA CARDENAS PINEDA,DEPARTAMENTAL,SI,2,AV AMERICAS KR 35,987606218,gerencia@hrd.gov.co,,,
Boyacá,DUITAMA,EMPRESA SOCIAL DEL ESTADO SALUD DEL TUNDAMA,826002601,CLAUDIA MARINA GARCIA FERNANDEZ,MUNICIPAL,SI,1,Calle 28 # 15-120,987601640,gerencia@saludtundama.gov.co,,,
Boyacá,EL COCUY,ESE HOSPITAL SAN JOSE DEL COCUY,891855719,HARVY HUMBERTO SILVA MOJICA,MUNICIPAL,SI,1,CALLE 6 # 11-22,7 890011,hospitalelcocuy@hotmail.com,,,
Boyacá,FIRAVITOBA,EMPRESA SOCIAL DEL ESTADO CENTRO DE SALUD FIRAVITOBA,826002676,OLGA JANNETH CALDERON RODRIGUEZ,MUNICIPAL,SI,1,CLL 9 # 3 -54,7770065,esecentrodesaludfiravitoba@hotmail.com,,,
Boyacá,FLORESTA,ESE CENTRO DE SALUD DE FLORESTA,826002164,ANGELA MARCELA BARRERA AYALA,MUNICIPAL,SI,1,Carrera 3 Numero 4-10,7863164,esefloresta@yahoo.com,,,
Boyacá,GACHANTIVÁ,E.S.E. CENTRO DE SALUD SAN ANTONIO DE PADUA,820003638,MYRIAM ROCIO GUERRERO REINA,MUNICIPAL,SI,1,CARRERA 5 N 5-44,7448811,esegachantiva@hotmail.es,,,
Boyacá,GAMEZA,EMPRESA SOCIAL DEL ESTADO GAMEZA MUNICIPIO SALUDABLE,826001960,MAGDA LIZZETH RODRIGUEZ LOPEZ,MUNICIPAL,SI,1,CALLE 3 No. 5-17,987778115,esegameza@yahoo.com,,,
Boyacá,GUATEQUE,HOSPITAL REGIONAL SEGUNDO NIVEL DE ATENCIÓN VALLE DE TENZA E.S.E.,900004894,JOSE OMAR NIÑO CARREÑO,DEPARTAMENTAL,SI,2,KM 1 VIA SUTATENZA,8-7540388,gerenciavalledetenza@gmail.com,,,
Boyacá,GÜICÁN,E.S.E. HOSPITAL ANDRES GIRARDOT DE GUICAN,891855439,CLAUDIA MARFORY GONZALEZ ARIZA,MUNICIPAL,SI,1,KR 6 6 47,987897228,esehag@gmail.com,,,
Boyacá,IZA,"EMPRESA SOCIAL DEL ESTADO CENTRO DE SALUD ""LUIS PATIÑO CAMARGO"" DEL MUNICIPIO DE IZA",826002720,CESAR MAURICIO BARACALDO BARRERA,MUNICIPAL,SI,1,CLL. 3 Nº4-124,3224302427,centrosaludiza@hotmail.com,,,
Boyacá,JENESANO,Emprea Social del Etado Centro de Salud Jenesano,820003337,CLARA MERCEDES ROJAS JAIME,MUNICIPAL,SI,1,AV Los Libertadores CR 2 No 5-11,7363226,ese.jenesanoboyaca@yahoo.es,,,
Boyacá,JERICÓ,EMPRESA SOCIAL DEL ESTADO CENTRO DE SALUD NUESTRA SEÑORA DE LA NATIVIDAD,826001918,NIDIA ROCIO ROJAS LOPEZ,MUNICIPAL,SI,1,CARRERA 4 No. 2-17,3102449121-3125217267,esejerico@yahoo.es,,,
Boyacá,LA CAPILLA,EMPRESA SOCIAL DEL ESTADO CENTRO DE SALUD LA CANDELARIA DE LA CAPILLA,820003193,CARMEN REINALDA RAMIREZ CARDENAS,MUNICIPAL,SI,1,CALLE 4 No 1 - 68,098-7539188,esecslacandelaria@yahoo.es,,,
Boyacá,LA UVITA,EMPRESA SOCIAL DEL ESTADO CENTRO DE SALUD DE LA UVITA,826002202,GLORIA YENCY GOMEZ MEDINA,MUNICIPAL,SI,1,calle 7 # 7-18,7 895077,eselauvita@hotmail.com,,,
Boyacá,LABRANZAGRANDE,E.S.E. CENTRO DE SALUD MUNICIPIO DE LABRANZAGRANDE,826002687,SANDRA PATRICIA HURTADO ORDUZ,MUNICIPAL,SI,1,LABRANZAGRANDE SR CENTRO,3143930867,"ese.lagrande@gmail.com;
ese.lagrande.tesoreria@gmail.com",,,
Boyacá,MACANAL,EMPRESA SOCIAL DEL ESTADO CENTRO DE SALUD MACANAL,820000857,YENNY LILIANA AVILA OLMOS,MUNICIPAL,SI,1,CALLE 4 No. 7 - 24,7590144,censaludmacanal@hotmail.com,,,
Boyacá,MARIPÍ,EMPRESA SOCIAL DEL ESTADO RAFAEL SALGADO DE MARIPI,820003291,AMPARO DEL SOCORRO PUENTES GOMEZ,MUNICIPAL,SI,1,CALLE 5 N° 3 - 27,8021808 - 310 5751908,esemaripi@hotmail.com,,,
Boyacá,MIRAFLORES,HOSPITAL REGIONAL DE MIRAFLORES EMPRESA SOCIAL DEL ESTADO,800152970,SONIA PATRICIA RODRIGUEZ NIÑO,DEPARTAMENTAL,SI,2,CALLE 2 No. 10-14,(098)7331347,hospitalmiraflores@hotmail.com,,,
Boyacá,MONGUA,E.S.E CENTRO DE SALUD SAN JERONIMO DE MONGUA,826002930,ORLANDO PINTO GUEZGUAN,MUNICIPAL,SI,1,Cra 4 No. 4-33,3203020498,sanjeronimongua@hotmail.com,,,
Boyacá,MONGUÍ,EMPRESA SOCIAL DEL ESTADO HOSPITAL LAS MERCEDES DE MONGUI,826002777,ABEL ANTONIO ALVAREZ ALARCON,MUNICIPAL,SI,1,KR 5 7-00,(098)7782061,eselasmercedes@yahoo.es,,,
Boyacá,MONIQUIRÁ,HOSPITAL REGIONAL DE MONIQUIRA ESE,891800395,GLORIA YANETH MANRIQUE ABRIL,DEPARTAMENTAL,SI,2,CL 19 8 108,87282360,"gerencia@hrm.gov.co;
contactenos@hrm.gov.co",,,
Boyacá,MOTAVITA,EMPRESA SOCIAL DEL ESTADO. CENTRO DE SALUD DE MOTAVITA,820003404,ANGELA XIOMARA HOYOS GOMEZ,MUNICIPAL,SI,1,cra 2 No. 1-87,3115215297,ese@motavita-boyaca.gov.co,,,
Boyacá,MUZO,EMPRESA SOCIAL DEL ESTADO HOSPITAL SANTA ANA,800254850,LUIS HERNANDO SALAZAR MANRIQUE,MUNICIPAL,SI,1,KR 6 7-80,987256060,esehospitalsantaana@yahoo.com,,,
Boyacá,NOBSA,"EMPRESA SOCIAL DEL ESTADO UNIDAD DE SALUD ""SALUD NOBSA""",826002019,SANDRA YASMILE ALVARADO MARIÑO,MUNICIPAL,SI,1,CL 4 No. 9-51,987773017,saludnobsa@yahoo.com,,,
Boyacá,NUEVO COLÓN,Empresa Social del Estado Centro de Salud Nuevo Colón,820003328,NELSON JOHANN ULLOA CALVO,MUNICIPAL,SI,1,CARRERA 3 No. 2 - 16,7 35 31 22,esenuevocolon@yahoo.com,,,
Boyacá,OICATÁ,EMPRESA SOCIAL DEL ESTADO PUESTO DE SALUD OICATÁ,820003973,MARTHA LUCIA VALDERRAMA BARRERA,MUNICIPAL,SI,1,OICATÁ CENTRO,3175138722,eseoicata@yahoo.com,,,
Boyacá,OTANCHE,EMPRESA SOCIAL DEL ESTADO CENTRO DE SALUD MANUEL ELKIN PATARROYO,820004318,GREIS ANATILDE ORTIZ TELLEZ,MUNICIPAL,SI,1,CARRERA 5 NUMERO 5-04,7259788,eseotanche@yahoo.es,,,
Boyacá,PACHAVITA,"EMPRESA SOCIAL DEL ESTADO CENTRO DE SALUD ""NUESTRA SEÑORA DE GUADALUPE""",820003516,FIDELA MARIA CASTRO BARRIOS,MUNICIPAL,SI,1,KR 2 No 2-51,(098)7592075,esepachavita1@gmail.com,,,
Boyacá,PÁEZ,Empresa Social del Estado Jorge González Olmos,820003915,ANDREA CAROLINA GONZALEZ ALBA,MUNICIPAL,SI,1,Calle 3b Nº 3-63,098-7594274,esepaez@yahoo.com,,,
Boyacá,PAIPA,E.S.E. HOSPITAL SAN VICENTE DE PAUL DE PAIPA,891855209,JOSE RAMON MERCHAN RUIZ,MUNICIPAL,SI,1,CARRERA 20 # 21-37,7850110,hospitalpaipa@yahoo.com,,,
Boyacá,PAUNA,EMPRESA SOCIAL DEL ESTADO CENTRO DE SALUD EDGAR ALONSO PULIDO SOLANO,820002916,IBETH MILENA PARRA CARO,MUNICIPAL,SI,1,CALLE 7 No 3-46,7253208,esepaunaboyaca@gmail.com,,,
Boyacá,PAYA,EMPRESA SOCIAL DEL ESTADO CENTRO DE SALUD DE PAYA,826002226,YADIRA GUIO AYALA,MUNICIPAL,SI,1,CENTRO,3208468038,esecentrosaludpaya@gmail.com,,,
Boyacá,PAZ DE RÍO,EMPRESA SOCIAL DEL ESTADO SALUD PAZ DE RIO,826002718,YILZEN ANDREA HUERTAS VILLA,MUNICIPAL,SI,1,KR 4 No 7-32 BRR COLONIAL,987865132,esesaludpaz@hotmail.com,,,
Boyacá,PESCA,E.S.E. SALUD PESCA,826002031,SANDRA MILENA BARRERA BOTIA,MUNICIPAL,SI,1,KR1 CL6,987784059,esepesca@gmail.com,,,
Boyacá,PISBA,EMPRESA SOCIAL DEL ESTADO NUESTRA SEÑORA DEL ROSARIO DE PISBA,826002963,DIANA KARINE MARTINEZ ANGEL,MUNICIPAL,SI,1,CENTRO,3134618481- 3214160307,"esedepisbaboyaca2018@gmail.com;
esedepisba2012@hotmail.com",,,
Boyacá,PUERTO BOYACÁ,EMPRESA SOCIAL DEL ESTADO HOSPITAL JOSE CAYETANO VASQUEZ,891800570,CARLOS JULIO ORTEGA OLAYA,DEPARTAMENTAL,SI,2,KR 5 No 26-2 AVENIDA SANTANDER,987384800,hospijcv@yahoo.com,,,
Boyacá,QUÍPAMA,ESE CENTRO DE SALUD NUESTRA SEÑORA DE LA PAZ,820002854,JACQUELINE RINCON CORDOBA,MUNICIPAL,SI,1,CRA 9 # 2-102,310 8840517 310 8840521,esequipama@yahoo.es,,,
Boyacá,RAMIRIQUÍ,ESE HOSPITAL SAN VICENTE DE RAMIRIQUI,891800644,JUAN PABLO ÁLVAREZ NAJAR,MUNICIPAL,SI,1,KR 3 # 7-21,987327546,hospitalramiriqui1907@gmail.com,,,
Boyacá,RÁQUIRA,ESE CENTRO DE SALUD SAN ANTONIO DE LA PARED DE RAQUIRA,820000886,JORGE ORLANDO TOVAR GONZALEZ,MUNICIPAL,SI,1,CALLE 1A NO 5-10,987357280,hospitalraquira@yahoo.es,,,
Boyacá,RONDÓN,EMPRESA SOCIAL DEL ESTADO CENTRO DE SALUD SAN RAFAEL,820003444,JOSE AGUSTIN TORRES CUERVO,MUNICIPAL,SI,1,KR 4 No 1 - 52,987408611,eserondon@hotmail.com,,,
Boyacá,SABOYÁ,ESE CENTRO DE SALUD SAN VICENTE FERRER,820003431,BETY JULIETH FLORIAN ROJAS,MUNICIPAL,SI,1,CRA 11 5-20,987255100,esesaboyasanvicente@msn.com,,,
Boyacá,SÁCHICA,EMPRESA SOCIAL DEL ESTADO CENTRO DE SACHICA,820004060,NADYA BRIGIIT PIRAQUIVE CUADRADO,MUNICIPAL,SI,1,Kr 3 No 6-05,3167564664,e.s.e.sachica.boy@hotmail.com,,,
Boyacá,SAMACÁ,EMPRESA SOCIAL DEL ESTADO HOSPITAL SANTA MARTA DE SAMACA,891800335,LUZ ANDREA MORA ROA,MUNICIPAL,SI,1,calle 4ª No. 2-18 Samacá,987372008,esehospitalsamaca@hotmail.com,,,
Boyacá,SAN EDUARDO,ese centro de salud jaime diaz perez,820003906,DENNIS ANDREY ARIAS DOMINGUEZ,MUNICIPAL,SI,1,CALLE 5 5-01,7403065,esejaimediazperez@gmail.com,,,
Boyacá,SAN JOSÉ DE PARE,EMPRESA SOCIAL DEL ESTADO CENTRO DE SALUD SAN JOSE DE PARE,820003360,WILMAN GIOVANNI VELASCO BARON,MUNICIPAL,SI,1,CARRERA 3 No. 2- 56,7297206,"ctrosaludsjp@hotmail.com;
esesanjosedepareboyaca@gmail.com",,,
Boyacá,SAN LUIS DE GACENO,ESE HOSPITAL SAN FRANCISCO,860060016,RUBY MARYORY CARO ARIAS,DEPARTAMENTAL,SI,1,CALLE 3 Nº 5 - 50,6248025,sanpachosalud@yahoo.com,,,
Boyacá,SAN MIGUEL DE SEMA,EMPRESA SOCIAL DEL ESTADO CENTRO DE SALUD SAN MIGUEL,820003401,GLORIA ANDREA DEL PILAR GARCIA CAMARGO,MUNICIPAL,SI,1,CL 4 3 57,8 -7347088 3112377762,esesanmiguel@hotmail.com,,,
Boyacá,SAN PABLO DE BORBUR,EMPRESA SOCIAL DEL ESTADO CENTRO DE SALUD SAN PABLO DE BORBUR,820003422,GIOVANNA XIMENA FORERO SANTANA,MUNICIPAL,SI,1,calle 2 No. 1-41,7258142,esesanpablodeborbur@gmail.com,,,
Boyacá,SANTA SOFÍA,EMPRESA SOCIAL DEL ESTADO CENTRO DE SALUD SANTA SOFIA,820003284,CLAUDIA PATRICIA CELY ANDRADE,MUNICIPAL,SI,1,CRA 2 #4-88,3114963990,santasofiapyp@outlook.com,,,
Boyacá,SANTANA,EMPRESA SOCIAL DEL ESTADO CENTRO DE SALUD SANTANA,820003632,DALMIS GIOVANNI LEON QUITIAN,MUNICIPAL,SI,1,CALLE 1 NUMERO 4-45,87289584,ese.santanaboyaca@hotmail.com,,,
Boyacá,SIACHOQUE,EMPRESA SOCIAL DEL ESTADO CENTRO DE SALUD SIACHOQUE,820003684,HEIDY JOHANA CORREA CARREÑO,MUNICIPAL,SI,1,CRA 5 #2-03,7319093 3112902550,gerenciaesesiachoque@yahoo.es,,,
Boyacá,SOATÁ,EMPRESA SOCIAL DEL ESTADO HOSPITAL SAN ANTONIO DE SOATA,891800611,SHEYLA FANORY RINCON CAICEDO,DEPARTAMENTAL,SI,2,KR 7 No. 6-31,0987880193-0987880205,correspondencia@hospisoata.gov.co,,,
Boyacá,SOCHA,EMPRESA SOCIAL DEL ESTADO HOSPITAL SAGRADO CORAZON DE JESUS DE SOCHA,881862576,ILSE CAROLINA SANCHEZ MANRIQUE,MUNICIPAL,SI,1,KR 7 6-68,(57) (098) 7874016,hospitalbases@yahoo.com.ar,,,
Boyacá,SOCOTÁ,ESE CENTRO DE SALUD SAN ANTONIO DE SOCOTÁ,826002060,HERIBERTO BENITEZ BENITEZ,MUNICIPAL,SI,1,CENTRO URBANO,987820100,esesanantoniosocota@hotmail.com,,,
Boyacá,SOGAMOSO,HOSPITAL REGIONAL DE SOGAMOSO EMPRESA SOCIAL DEL ESTADO,891855039,JULIO CESAR PIÑEROS CRUZ,DEPARTAMENTAL,SI,2,CL 8 N° 11 A-43,987726048-987706575,gerencia@hospitalsogamoso.gov.co,,,
Boyacá,SOGAMOSO,SALUD SOGAMOSO EMPRESA SOCIAL DEL ESTADO,826000923,DIANA CATALINA DELGADO JIMENEZ,MUNICIPAL,SI,1,Kra 9 Nº 11 - 74,7720304,saludsogamoso@yahoo.com,,,
Boyacá,SOGAMOSO,Servicio Nacional de Aprendizaje SENA,899999034,CARLOS FABIO ALVAREZ ANGEL,NACIONAL,SI,1,Carrera 12 Nº 55A-51,7721313,mbarrera@sena.edu.co,,,
Boyacá,SOMONDOCO,EMPRESA SOCIAL DEL ESTADO CENTRO DE SALUD SAN SEBASTIAN DE SOMONDOCO,820002608,DIANA YAZMIN AVILA MARTINEZ,MUNICIPAL,SI,1,CALLE 2 No 4 - 64,7531146 3203021803,saludsomondoco@yahoo.es,,,
Boyacá,SORA,EMPRESA SOCIAL DEL ESTADO CENTRO DE SALUD SANTA BARBARA,820003357,ELCY ROCIO MESA SOCHA,MUNICIPAL,SI,1,CR2 N 2-85,3144112843,esesantabarbara@hotmail.com,,,
Boyacá,SORACÁ,EMPRESA SOCIAL DEL ESTADO CENTRO DE SALUD FE Y ESPERANZA SORACA,820003533,MARICELA GUERRERO TIBATA,MUNICIPAL,SI,1,CALLE 5 Nº 2 - 17,987442949,esesoraca@gmail.com,,,
Boyacá,SOTAQUIRÁ,EMPRESA SOCIAL ESTADO CENTRO DE SALUD MANUEL ALBERTO FONSECA SANDOVAL DE SOTAQUIRA,820003374,LIGIA MARLEN GONZALEZ TORRES,DEPARTAMENTAL,SI,1,Calle 7 No. 3 - 11,7873113,gerenciaesesotaquira@gmail.com,,,
Boyacá,SUSACÓN,E.S.E. CENTRO DE SALUD HECTOR PINEDA GALLO SUSACON,826002625,ALEXANDRA MARIA SUAREZ ALARCON,MUNICIPAL,SI,1,CALLE 6 NRO 5-151,7815012,esesusacon@yahoo.es,,,
Boyacá,SUTAMARCHÁN,E.S.E. Centro De Salud Santo Eccehomo De Sutamarchan,820003876,ANA MARITZA DAVILA BARON,MUNICIPAL,SI,1,Kra. 3 Número 2-02,7251115,ese_eccehomo@yahoo.es,,,
Boyacá,TASCO,EMPRESA SOCIAL DEL ESTADO NUESTRA SEÑORA DEL ROSARIO,826002694,CLAUDIA MARCELA PEREA ESLAVA,MUNICIPAL,SI,1,PARQUE PRINCIPAL,7879110,esetasco@gmail.com,,,
Boyacá,TIBANÁ,ESE GUSTAVO ROMERO HERNADEZ DE TIBANA,820002657,LAURA CONSUELO CAMACHO VALERO,MUNICIPAL,SI,1,Cra 5 No 1 - 79,7338021/ 7338027,esetibana@hotmail.com,,,
Boyacá,TIBASOSA,EMPRESA SOCIAL DEL ESTADO INES OCHOA PEREZ DE TIBASOSA,826002852,FRANCIS LILIANA TOBO SIACHOQUE,MUNICIPAL,SI,1,KR 9 #4-32,(098)7793000,esetibasosa@gmail.com,,,
Boyacá,TINJACÁ,EMPRESA SOCIAL DEL ESTADO CENTRO DE SALUD SAN BLAS,820003619,ARYENIS BALLESTEROS RODRIGUEZ,MUNICIPAL,SI,1,CL 5 N. 4 70,3185953501,centrodesaludtinjaca@yahoo.es,,,
Boyacá,TIPACOQUE,EMPRESA SOCIAL DEL ESTADO CENTRO DE SALUD SANTA RITA DE CASIA TIPACOQUE,826002765,NELSON ORLANDO MARTINEZ QUINTERO,MUNICIPAL,SI,1,CALLE 2 No. 0 - 01,7889178,esesantaritadecasia@yahoo.es,,,
Boyacá,TOCA,EMPRESA SOCIAL DEL ESTADO CENTRO DE SALUD TOCA,820003524,WEIMAR LEONARDO MURTHE DUARTE,MUNICIPAL,SI,1,CARRERA 10 N 2-99,987368347,centrodesaludtoca@hotmail.com,,,
Boyacá,TOGÜÍ,EMPRESA SOCIAL DEL ESTADO CENTRO DE SALUD DE TOGUI,820003435,EDURNE GARZON ARENAS,MUNICIPAL,SI,1,KR 3 Nº 1 - 58,098 7292032,esetogui@gmail.com,,,
Boyacá,TÓPAGA,ESE SAN JUDAS TADEO DE TOPAGA,826002929,DEISY MILENA ALARCON MACANA,MUNICIPAL,SI,1,CALLE 5 No 5-84,3112199109-3102368739,esetopaga@gmail.com,,,
Boyacá,TOTA,ESE CENTRO DE SALUD DE TOTA,826002890,CARMEN LUZ MARTINEZ BARRAZA,MUNICIPAL,SI,1,CRA 3 CALLE 2 ESQUINA,7700945,esecstota@yahoo.com,,,
Boyacá,TUNJA,EMPRESA SOCIAL DEL ESTADO CENTRO DE REHABILITACION INTEGRAL DE BOYACA,891800982,Jairo Mauricio Santoyo Gutierrez,DEPARTAMENTAL,SI,2,KILOMETRO 1 VIA A SORACA,8 7 42 47 33,"info@cribsaludmental.gov.co;
calidad@cribsaludmental.gov.co",,,
Boyacá,TUNJA,EMPRESA SOCIAL DEL ESTADO HOSPITAL SAN RAFAEL TUNJA,891800231,LYDA MARCELA PEREZ RAMIREZ,DEPARTAMENTAL,SI,3,CRA 11 N°27-27,7405047,gerente@hospitalsanrafaeltunja.gov.co,,,
Boyacá,TUNJA,EMPRESA SOCIAL DEL ESTADO SANTIAGO DE TUNJA,820003850,JULIANA DEL PILAR CORTAZAR MURILLO,MUNICIPAL,SI,1,CALLE 16 No 9-41,0*87408050 0*87443737,sistemas@esesantiagodetunja.gov.co,,,
Boyacá,TUNJA,INSTITUTO DEPARTAMENTAL DE JUVENTUD Y DEPORTE DE BOYACÁ INDEPORTES BOYACÁ,820000919,FREDY IOVANNY PARDO PINZÓN,DEPARTAMENTAL,SI,1,AV.VILLA OLIMPICA CASA DEL DEPORTE,7422365,www.indeportesboyaca.gov.co,,,
Boyacá,TUNJA,"UNIDAD DE POLITICA SOCIAL, SERVICIOS DE SALUD, PSICOLOGIA Y TRABAJO SOCIAL UPTC",891800330,ALFONSO LOPEZ DIAZ,DEPARTAMENTAL,SI,1,CARRETERA CENTRAL DEL NORTE,3155887426,esperanza.arias@uptc.edu.co,,,
Boyacá,TUNUNGUÁ,ESE CENTRO DE SALUD SANTA BARBARA DE TUNUNGUA,820003839,SANDRA VIVIANA SAMPAYO DIAZ,MUNICIPAL,SI,1,CALLE 2 N.3-31,3108823462,esetunungua2004@yahoo.es,,,
Boyacá,TURMEQUÉ,EMPRESA SOCIAL DEL ESTADO HOSPITAL BAUDILIO ACERO,891800857,ADRIANA XIMENA GALINDO SANDOVAL,DEPARTAMENTAL,SI,1,CL 3 No. 6 - 50,7326182,esebaudilioturmeque@yahoo.com,,,
Boyacá,TUTA,EMPRESA SOCIAL DEL ESTADO PUESTO DE SALUD SAN MIGUEL DE TUTA,820003641,MARIA EUGENIA MONTEJO PAEZ,MUNICIPAL,SI,1,CALLE 6 No. 7 - 07,7351113,sanmigueltuta@hotmail.es,,,
Boyacá,TUTAZÁ,EMPTRESA SOCIAL DEL ESTADO CENTRO DE SALUD SIMON BOLIVAR DE TUTAZA,826002860,LAURA CATALINA REALES SUANCHA,MUNICIPAL,SI,1,ZONA CENTRO,3203111467,esesimonbolivar@hotmail.com,,,
Boyacá,UMBITA,ESE CENTRO DE SALUD SAN RAFAEL,820003782,DALILA ANDREA CELY CRISTANCHO,MUNICIPAL,SI,1,kra 7 # 4-123,3203025398,eseumbita2016@gmail.com,,,
Boyacá,VENTAQUEMADA,EMPRESA SOCIAL DEL ESTADO CENTRO DE SALUD DE VENTAQUEMADA,820002248,SANDRA PATRICIA MANCIPE GIL,MUNICIPAL,SI,1,CARRERA 5 NRO 2-35,7366002,eseventaquemada08@gmail.com,,,
Boyacá,VILLA DE LEYVA,ESE HOSPITAL SAN FRANCISCO DE VILLA DE LEYVA,891800906,ZULMA ESTUPIÑAN ESTUPIÑAN,MUNICIPAL,SI,1,CL 10 N 7 98,987320516 3212164900,hsanfran@hotmail.com,,,
Boyacá,VIRACACHÁ,E.S.E CENTRO DE SALUD VIRACACHA,820003352,INGRID FERNANDA CEPEDA GOMEZ,MUNICIPAL,SI,1,CL 6 5 16,3107867301 3107868518,eseviracacha@gmail.com,,,
Boyacá,ZETAQUIRA,EMPRESA SOCIAL DEL ESTADO CENTRO DE SALUD DE ZETAQUIRA,820002715,SONIA ELSY CENDALES ARIAS,MUNICIPAL,SI,1,KR 4 Número 3 - 07,7344035,esezetaquira@hotmail.com,,,
Caldas,AGUADAS,HOSPITAL SAN JOSE DE AGUADAS ESE,890801035,GUILLERMO ALZATE ZULUAGA,MUNICIPAL,SI,1,CARRERA 3 CALLE 16 Y 17,0968-514340 - 514740,gerencia@hospitaldeaguadas.gov.co,,,
Caldas,ANSERMA,ESE HOSPITAL SAN VICENTE DE PAUL,800191101,OLGA LUCIA CORRALES RAMIREZ,MUNICIPAL,SI,1,CRA 5 CLL 1,968531105,hsvpanserma@hotmail.com,,,
Caldas,ARANZAZU,ESE HOSPITAL DEPARTAMENTAL SAN VICENTE DE PAUL,890802218,JHON DIEGO VILLEGAS MARIN,DEPARTAMENTAL,SI,1,Carrera 2 Nro 4 12,68510182,casagra10@latimail.com,,,
Caldas,BELALCÁZAR,ESE HOSPITAL SAN JOSE DE BELALCAZAR,800194627,mauricio sanchez mazo,MUNICIPAL,SI,1,KRA 3 Nº 1-93,0968-601024,hospitalbelalcazar@gmail.com,,,
Caldas,CHINCHINÁ,ESE HOSPITAL SAN MARCOS,890802036,SANDRA LUCIA DIAZ TEJADA,MUNICIPAL,SI,2,Carrera 9 Calles 16 y 17,(096) 8400911,hsanmarcos@hsmarcos.com,,,
Caldas,FILADELFIA,ESE HOSPITAL SAN BERNARDO,890802223,MÓNICA EUGENIA MORALES CARMONA,MUNICIPAL,SI,1,Calle 9 Barrio Santander,8580510,esehospitalsanbernardo@gmail.com,,,
Caldas,LA DORADA,EMPRESA SOCIAL DEL ESTADO E.S.E SALUD DORADA,900065515,RODRIGO ALBERTO FORTICH ABISAMBRA,MUNICIPAL,SI,1,CRA 2 NRO 14-37,8576950 - 3153032130,gerencia@saluddorada.gov.co,,,
Caldas,LA DORADA,ESE HOSPITAL SAN FELIX - LA DORADA,810000913,LUIS EDUARDO CESPEDES DE LOS RIOS,DEPARTAMENTAL,SI,2,CALLE 12 No. 5-20,8571888 - 8398849 - 3152443835 - 3178931388,administracion@hospitalsanfelix.gov.co,,,
Caldas,LA MERCED,ESE HOSPITAL LA MERCED,890805203,MAURICIO ARBELAEZ VARGAS,MUNICIPAL,SI,1,Trv 4 No 7-75,0968 8512390-0968 8512240,eselamerced@gmail.com,,,
Caldas,MANIZALES,ALCALDÍA DE MANIZALES,890801053,JOSÉ OCTAVIO CARDONA LEON,MUNICIPAL,SI,1,calle 19 No 21 - 44,8879700,octavio.cardona@manizales.gov.co,,,
Caldas,MANIZALES,ASSBASALUD ESE,800044967,DANIEL CUERVO SIERRA,MUNICIPAL,SI,1,CALLE 27 NRO. 17-32,8848458,gerencia@assbasalud.gov.co,,,
Caldas,MANIZALES,CENTRO DE RECEPCION DE MENORES,890804256,MARIA ENIDIA RIOS NARANJO,MUNICIPAL,SI,1,carrera 27 No. 17 08,8842218,"secretaria@centroderecepciondemenores.gov.co;
direccion@centroderecepciondemenores.gov.co;
andreavalenciac1@gmail.com",,,
Caldas,MANIZALES,DEFENSA CIVIL COLOMBIANA,899999717,MIGUEL ERNESTO PEREZ GUARNIZO,NACIONAL,SI,1,Calle 12 A No. 14 - 63,8845401,sec.caldas@defensacivil.gov.vo,,,
Caldas,MANIZALES,ESE HOSPITAL DEPARTAMENTAL UNIVERSITARIO SANTA SOFIA DE CALDAS,890801099,WILLIAM ARIAS BETANCURT,DEPARTAMENTAL,SI,3,Kilómetro 2 Salida a Chinchiná,8879200 - 018000413610,santasofia@santasofia.com.co,,,
Caldas,MANIZALES,GOBERNACIÓN DE CALDAS,890801052,GUIDO ECHEVERRI PIEDRAHITA,DEPARTAMENTAL,SI,1,CARRERA 21 CALLES 22 Y 23,8842400 EXTE 441,saludocupacional@gobernaciondecaldas.gov.co,,,
Caldas,MANIZALES,HOSPITAL GENERAL SAN ISIDRO EMPRESA SOCIAL DEL ESTADO,800139366,CESAR AUGUSTO RINCONES SANCHEZ,MUNICIPAL,SI,1,VEREDA LA PALMA,8714236 - 8714239 -3103637670,gerencia@sanisidromanizales.gov.co,,,
Caldas,MANIZALES,INDUSTRIA LICORERA DE CALDAS,890801167,LUIS ROBERTO RIVAS MONTOYA,MUNICIPAL,SI,1,ZONA INDUSTRIAL JUANCHITO MANIZALES,8782200 Extensión 1001,luisroberto.rivas@ilc.com.co,,,
Caldas,MANIZALES,JUNTA DEFENSA CIVIL LA ENEA,810002606,MANUEL ALONSO VALENCIA LEON,NACIONAL,SI,1,CARRERA 36 Nº 97-63,8740212,alonsovalencia2010@hotmail.com,,,
Caldas,MANIZALES,UNIVERSIDAD NACIONAL DE COLOMBIA,899999063,IGNACIO MANTILLA PRADA,MUNICIPAL,SI,1,CARRERA 27 No. 64 - 60 BLOQUE E PISO MENOS UNO,8879300 EXT 50610,shidalgog@unal.edu.co,,,
Caldas,MANZANARES,ESE HOSPITAL SAN ANTONIO DE MANZANARES CALDAS,890801699,GERMAN ARISTIZABAL MORENO,MUNICIPAL,SI,1,CARRERA 5 8-66 MANZANARES CALDAS,0968550014 - 09688550050,gerencia@esehospitalsanantonio.gov.co,,,
Caldas,MARMATO,ESE HOSPITAL DEPARTAMENTAL SAN ANTONIO DE MARMATO,810001392,CRISTIAN ALEJANDRO PARRA ROJAS,DEPARTAMENTAL,SI,1,Carrera 2- diagonal 3 calle 6- Urbanizacion la Betulia - el Llano,0968598010- 0968598090 -8598240 - 3116117702,hospitalmarmato@gmail.com,,,
Caldas,MARQUETALIA,HOSPITAL DEPARTAMENTAL SAN CAYETANO DE MARQUETALIA EMPRESA SOCIAL DEL ESTADO E.S.E,890801274,ANDRES OSWALDO AGUILAR ALZATE,DEPARTAMENTAL,SI,1,CALLE VERSALLES 1 A 01,8567133,hosacama1@yahoo.es,,,
Caldas,MARULANDA,ESE DEPARTAMENTAL HOSPITAL SAN JOSE DE MARULANDA,890805260,OLGA LUCIA LONDOÑO MASSO,DEPARTAMENTAL,SI,1,Carrera 5a. No. 8-56 Marulanda,(0968) 49 86 25,gerenciahospitalmarulanda@gmail.com,,,
Caldas,NEIRA,ESE HOSPITAL DEPARTAMENTAL SAN JOSE DE NEIRA,890801562,FRANCISCO JAVIER GOMEZ CASTAÑO,DEPARTAMENTAL,SI,1,CARRERA 7 Nro: 7-35,0968587610-0968587182,gerencia@esehospitalsanjosedeneira.com,,,
Caldas,NORCASIA,ESE DEPARTAMENTAL HOSPITAL SAGRADO CORAZON,810000912,MARILU HERNANDEZ MENDEZ,DEPARTAMENTAL,SI,1,LA VARIANTE NORCASIA,0968554100-0968554206,HOSPITALNORCASIA@HOTMAIL.COM,,,
Caldas,PÁCORA,E.S.E HOSPITAL SANTA TERESITA DE PACORA,890801517,CAROLINA GIRALDO ARANGO,MUNICIPAL,SI,1,Carrera 2 Nro 2-49,68670193,gerencia@hospitaldepacora.gov.co,,,
Caldas,PENSILVANIA,ESE HOSPITAL LOCAL SAN JUAN DE DIOS,890801719,DIANA MILENA GALLO FRANCO,MUNICIPAL,SI,1,AVENIDA LA SALLE,968555175,gerencia@esehospitalpensilvania.gov.co,,,
Caldas,RIOSUCIO,ASOCIACIÓN INDÍGENA DEL CAUCA AIC EPS INDÍGENA,817001773,GILBERTO MUÑOZ CORONADO,INDIGENA,SI,1,LOTE 22 Y 23 CALLE 19A ENTRE CARRERA 5B Y 5C,8590558,aicipsimingavsp@gmail.com,,,
Caldas,RIOSUCIO,HOSPITAL DEPARTAMENTAL SAN JUAN DE DIOS DE RIOSUCIO CALDAS ESE,890801989,WILSON DIDIER CARMONA DUQUE,DEPARTAMENTAL,SI,2,Carrera 5 # 18-17 Avenida Fundadores Frente al Coliseo Municipal,8591867 - 8592325,gerencia@hospitalriosucio.gov.co,,,
Caldas,RISARALDA,HOSPITAL DEPARTAMENTAL SAN RAFAEL DE RISARALDA EMPRESA SOCIAL DEL ESTADO,890801235,GLORIA PATRICIA RIOS BARAHONA,DEPARTAMENTAL,SI,1,Kra. 4ta. Nro. 10-39,(096) 8557019 - 8557113 - 3136609608,hsrrcaldas@yahoo.es,,,
Caldas,SALAMINA,HOSPITAL DEPARTAMENTAL FELIPE SUAREZ ESE,890801026,IVAN FERNANDO ABASOLO GUERRERO,DEPARTAMENTAL,SI,2,CL3 9A 21 SALAMINA CALDAS,968595306,hfsuarez@yahoo.es,,,
Caldas,SAMANÁ,ESE HOSPITAL SAN JOSE DE SAMANA,890802961,EDINSON RAFAEL PITRE MONTERO,MUNICIPAL,SI,1,CRA 9 NRO 4-79,0968658003-0968658000-09686580,gerencia@hospitalsanjosesamana.gov.co,,,
Caldas,SAN JOSÉ,ESE HOSPITAL DEPARTAMENTAL SAN JOSE DE SAN JOSE,810001159,FERNANDO SALAZAR VILLEGAS,DEPARTAMENTAL,SI,1,Carrera segunda #5-14,968608684,hosajo5@gmail.com,,,
Caldas,SUPÍA,Asociación ips indígena tricauma,900406662,SANDRA MILENA LEON RIVERA,INDIGENA,SI,1,CALLE 33 NUMERO 7 42 BARRIO CENTRO,8561245,ips_itricauma@hotmail.com,,,
Caldas,SUPÍA,ESE HOSPITAL SAN LORENZO DE SUPIA,890801758,MARY CRUZ HERNANDEZ LARGO,MUNICIPAL,SI,1,CARRERA 7 NUMERO 25-12,9688560020,hospitalsupia@yahoo.es,,,
Caldas,VICTORIA,ESE HOSPITAL DEPARTAMENTAL SAN SIMON DE VICTORIA,890802628,JAIME ENRIQUE ACOSTA DIAZ,DEPARTAMENTAL,SI,1,Carrera 4 No 8 - 23,968552084,sansimon@telecom.com,,,
Caldas,VILLAMARÍA,ESE DEPARTAMENTAL HOSPITAL SAN ANTONIO DE VILLAMARIA,890801944,MONICA LILIANA DIAZ HENAO,DEPARTAMENTAL,SI,1,CARRERA 6 NÚMERO 5-68,09-8770011,gerencia@hospitalsanantoniovillamaria.gov.co,,,
Caldas,VITERBO,ESE HOSPITAL SAN JOSE,890802978,MARISOL FRANCO RIAÑO,MUNICIPAL,SI,1,CARRERA 10 No.3-45,096-86960149 - 8691133,gerencia@hospitalviterbocaldas.gov.co,,,
Caquetá,BELÉN DE LOS ANDAQUIES,E.S.E. RAFAEL TOVAR POVEDA,900211477,EDGAR ADRIAN HITSCHERICH POLANCO,DEPARTAMENTAL,SI,1,CALLE 4 No. 7-15,4316200 - 3138769363 - 3219738734,ventanillaunica@rafaeltovarpoveda.gov.co,,,
Caquetá,EL DONCELLO,E.S.E. SOR TERESA ADELE,900211460,LORENA LOZANO ORREGO,DEPARTAMENTAL,SI,1,CRA. 4a VIA PUERTO RICO,4310205,contacto@esesorteresaadele.gov.co,,,
Caquetá,FLORENCIA,AEROPUERTO GUSTAVO ARTUNDUAGA PAREDES,899999059,GUSTAVO ALBERTO LENIS STEFFENS,NACIONAL,SI,1,km 3 Vía Norte del Departamento,1-2962609,sanidad.aerop_FLA@aerocivil.gov.co,,,
Caquetá,FLORENCIA,ESE HOSPITAL COMUNAL MALVINAS,828000386,LUIS FRANCISCO RUIZ AGUILAR,MUNICIPAL,SI,1,AVENIDA CIRCUNVALAR,4344614- 4352100 - 4347306,secgerencia@hospitalmalvinas.gov.co,,,
Caquetá,FLORENCIA,HOSPITAL DEPARTAMENTAL MARIA INMACULADA ESE,891180098,JOHN ERNESTO GALVIS QUINTERO,DEPARTAMENTAL,SI,2,Diagonal 20 No 7-29,4366464,planeacion@hmi.gov.co,,,
Caquetá,FLORENCIA,UNIVERSIDAD DE LA AMAZONIA,891190346,GERARDO ANTONIO CASTRILLON ARTUNDUAGA,NACIONAL,SI,1,Calle 17-Diagonal 17-Carrera 3F-Av Circunvalacion Barrio Porvenir,4358786,rectoria@uniamazonia.edu.co,,,
Caquetá,SAN VICENTE DEL CAGUÁN,Defensas Civil Colombiana,899999717,MIGUEL ERNESTO PEREZ GUARNIZO,DEPARTAMENTAL,SI,1,MMVP Local Vereda Miravalle,3118084420,sec.caqueta@defensacivil.gov.co,,,
Caquetá,SAN VICENTE DEL CAGUÁN,E.S.E. HOSPITAL SAN RAFAEL,891190011,MARLON MAURICIO MARROQUIN GONZALEZ,DEPARTAMENTAL,SI,1,CALLE 5 No. 3 - 38,4644101,hsanrafael123@hot.mail.com,,,
Caquetá,VALPARAÍSO,E.S.E. FABIO JARAMILLO LONDOÑO,900211468,WILLIBALDO RODRIGUEZ FIGUEROA,DEPARTAMENTAL,SI,1,CALLE 10a. CARRERA 3,4345673,esefabiojaramillo@hotmail.com,,,
Casanare,AGUAZUL,HOSPITAL DE AGUAZUL JUAN HERNANDO URREGO EMPRESA SOCIAL DEL ESTADO,844001355,INGRID JOHANA VELANDIA AVELLA,MUNICIPAL,SI,1,CL 11 Nº 15-40,57 098 638 3036 - 310 251 8549,hospitaljhu@gmail.com,,,
Casanare,HATO COROZAL,IPSI CAÑO MOCHUELO DEL CABILDO INDIGENA DEL RESGUARDO CAÑO MOCHUELO,900827186,GERARDO ALI RODRIGUEZ GARCIA,INDIGENA,SI,1,RESGUARDO CAÑO MOCHUELO COMUNIDAD GETSEMANI,314 333 8551 - 313 430 0910,ipsimochuelo@gmail.com,,,
Casanare,TAURAMENA,E.S.E HOSPITAL LOCAL DE TAURAMENA,844001287,MARIA CONSTANZA VEGA ORDUZ,MUNICIPAL,SI,1,KR 15 N° 8-63,57 098 624 7118 - 312 547 0952,esehlt08@gmail.com,,,
Casanare,VILLANUEVA,RED SALUD CASANARE E.S.E.,844004197,LEIDER YESID DAZA TAVERA,DEPARTAMENTAL,SI,1,CALLE 9 N° 24 - 75 YOPAL-CASANARE,57 098 6324018,contactenos@redsaludcasanare.gov.co,,,
Casanare,YOPAL,EMPRESA SOCIAL DEL ESTADO SALUD YOPAL,844003225,EDWIN DE JESUS RODRIGUEZ BARRERA,MUNICIPAL,SI,1,Cra 15 Nº 33-40,098 6324661,contactenos@esesalud-yopal-casanare.gov.co,,,
Casanare,YOPAL,HOSPITAL DE YOPAL ESE,891855029,RONALD PAUL ROA CASTAÑEDA,DEPARTAMENTAL,SI,2,CALLE 15 N 7 -95 MANZANA L CIUDADELA ECOLÓGICA ESTRELLA BON HABITAT,6344699 - 3102135350,calidadhy@gmail.com,,,
Cauca,BOLÍVAR,ESE SUR OCCIDENTE,900145767,CESAR EDMUNDO SARRIA PORRAS,DEPARTAMENTAL,SI,1,CALLE 5 Nº 3A - 55 BARRIO EL CAMPIN - EL BORDO CAUCA,8262886,esesuroccidente@gmail.com,,,
Cauca,BUENOS AIRES,EMPRESA SOCIAL DEL ESTADO NORTE 1 E.S.E.,900146010,JORGE VIRGILIO MEDINA OCORO,DEPARTAMENTAL,SI,1,CALLE PRINCIPAL,57928466734,esenorte1@gmail.com,,,
Cauca,CALDONO,ASOCIACION DE CABILDOS UKAWE'SX NASA ÇXHAB IPS-I,817000224,SAMUEL DICUE RAMOS,INDIGENA,SI,1,KR 3ª # 4 -126,928473433,ukawesxipsi@gmail.com,,,
Cauca,CALOTO,EMPRESA SOCIAL DEL ESTADO ESE NORTE 2,900146006,BEATRIZ BOHORQUEZ SALINAS,DEPARTAMENTAL,SI,1,KR 5 CL 10 ESQUINA,578258311,esenorte2@esenorte2.gov.co,,,
Cauca,EL TAMBO,EMPRESA SOCIAL DEL ESTADO HOSPITAL DE EL TAMBO CAUCA,891501104,EDGAR EDUARDO VILLA,MUNICIPAL,SI,1,CL 4 No. 4-60,57928238194,esetamboreferencia@hotmail.com,,,
Cauca,GUAPI,EMPRESA SOCIAL DEL ESTADO GUAPI ESE,900146012,OSCAR EDUARDO ANGOLA LASSO,DEPARTAMENTAL,SI,1,KR 2 # 12 - 25,57928401007 - 3225692586,eseguapicauca@yahoo.es,,,
Cauca,INZÁ,IPS INDIGENA JUAN TAMA,817000102,JHON JAIRO QUIRA YUGUE,INDIGENA,SI,1,KRA 5 No. 5A-65 BRR SANTANDER,3218003259,ipsijuantama@gmail.com,,,
Cauca,JAMBALÓ,CXAYU`CE JXUT EMPRESA SOCIAL DEL ESTADO,900052148,ANGELICA AGUILAR RUGELES,DEPARTAMENTAL,SI,1,CL PRINCIPAL,57928498265,cxayucejxutese@yahoo.es,,,
Cauca,LA VEGA,EMPRESA SOCIAL DEL ESTADO ESE SUR- ORIENTE,900145572,LADY YANETH LOPEZ GOMEZ,DEPARTAMENTAL,SI,1,Avenida Favian,3217661978,gerencia@esesuroriente.gov.co,,,
Cauca,PAEZ,ASOCIACION DE CABILDOS NASA C?HA C?HA,817000260,DUBAN ARBEY VELASCO VELASCO,INDIGENA,SI,1,CALLE 6 No. 6-44,3214712041 - 3214700820,"asociaciondecabildosnasa@gmail.com;
ipsitierradentro@hotmail.com",,,
Cauca,PAEZ,EMPRESA SOCIAL DEL ESTADO TIERRADENTRO ESE,900145585,CLARA LORENA KNUDSON CAMPO,DEPARTAMENTAL,SI,1,KR 2 CL 7,3146624167,empresa@esetierradentro-cauca.gov.co,,,
Cauca,PATÍA,E.S.E. HOSPITAL NIVEL I EL BORDO,891500736,FERNANDO CASTRO TORRES,MUNICIPAL,SI,1,calle 8 Nº 4 -30 ENTRADA URGENCIAS,5728261333,esehospibordo@hotmail.com,,,
Cauca,PIENDAMÓ,EMPRESA SOCIAL DEL ESTADO ESE CENTRO I,900145581,ELMER MUÑOZ ROSERO,DEPARTAMENTAL,SI,1,KR 4 # 5-78 Barrio: La Inmaculada,57 0928 470689,esecentro1@hotmail.com,,,
Cauca,POPAYÁN,ASOCIACIÓN INDÍGENA DEL CAUCA AIC EPS INDIGENA,817001773,GILBERTO MUÑOZ CORONADO,INDIGENA,SI,1,carrera 5 No. 1-03,3166919163,lemus.3@hotmail.com,,,
Cauca,POPAYÁN,CONSEJO REGIONAL INDIGENA DEL CAUCA CRIC,817002466,NEIS OLIVERIO LAME CAMAYO,INDIGENA,SI,1,CARRERA 4 No. 1-06 Pasaje Vasquez Cobo,57928234293,ipscric@hotmail.com,,,
Cauca,POPAYÁN,DEFENSA CIVIL COLOMBIANA,899999717,MIGUEL ERNESTO PEREZ GUARNIZO,DEPARTAMENTAL,SI,1,CALLE 4 NORTE # 10 A 30,8231577,sec.cauca@defensacivil.gov.co,,,
Cauca,POPAYÁN,EMPRESA SOCIAL DEL ESTADO POPAYAN E.S.E.,900145579,ZULLY BERNARDA RUIZ MENESES,DEPARTAMENTAL,SI,1,CL 5 14-00,57928333000,esepopayan@hotmail.com,,,
Cauca,POPAYÁN,ESE HOSPITAL SUSANA LOPEZ DE VALENCIA,891501676,EDGAR EDUARDO VILLA,DEPARTAMENTAL,SI,2,calle 15 Nº 17A -196 La Ladera,3162887576,hslventescontrol@gmail.com,,,
Cauca,POPAYÁN,ESTABLECIMIENTO DE SANIDAD POLICIAL POPAYAN,800140624,RICARDO AUGUSTO ALARCON CAMPOS,NACIONAL,SI,1,AV Panamericana 1 N 75,0928-235280,grusadecau@policia.gov.co,,,
Cauca,POPAYÁN,HOSPITAL UNIVERSITARIO SAN JOSE DE POPAYAN E.S.E.,891580002,DERLIN YURANI DELGADO RODRIGUEZ,MUNICIPAL,SI,3,KR 6 # 10 N-142,57928234508,auditoria@hospitalsanjose.gov.co,,,
Cauca,POPAYÁN,Servicio Nacional de Aprendizaje SENA,899999034,CARLOS FABIO ALVAREZ ANGEL,NACIONAL,SI,1,CALLE 4 No. 2-67,8244622,vsalazar@sena.edu.co,,,
Cauca,POPAYÁN,UNIVERSIDAD DEL CAUCA,891500319,José Luis Diago Franco,NACIONAL,SI,1,KR 6A # 13N-50,57998209800,laboratorios@unicauca.edu.co,,,
Cauca,PUERTO TEJADA,EMPRESA SOCIAL DEL ESTADO NORTE 3 - ESE,900146438,CARLOS GABRIEL QUIÑONEZ QUINTERO,DEPARTAMENTAL,SI,1,CL 13 Kra 23,57928282240,esenorte3cauca@hotmail.com,,,
Cauca,ROSAS,EMPRESA SOCIAL DEL ESTADO CENTRO 2 E.S.E.,900146471,JESUS BOLIVAR CERON CAICEDO,DEPARTAMENTAL,SI,1,BARRIO LOS SAUCES,3148630772,esecentro2@hotmail.com,,,
Cauca,SANTANDER DE QUILICHAO,Asociación de 