ID,Municipio,ID2,Departamento,lat,lon
5002,ABEJORRAL,5,Antioquia,5.75,-75.4166667
5004,ABRIAQUÍ,5,Antioquia,6.6666667,-76.0833333
50006,ACACÍAS,50,Meta,3.9166667,-73.8333333
27006,ACANDI,27,Chocó,8.3333333,-77.1666667
41006,ACEVEDO,41,Huila,1.75,-75.9166667
13006,ACHÍ,13,Bolívar,8.25,-74.5
41013,AGRADO,41,Huila,2.3333333,-75.75
25001,AGUA DE DIOS,25,Cundinamarca,4.4166667,-74.6666667
20011,AGUACHICA,20,Cesar,8.3333333,-73.5833333
68013,AGUADA,68,Santander,6.25,-73.4666667
17013,AGUADAS,17,Caldas,5.6333333,-75.4166667
85010,AGUAZUL,85,Casanare,5.1730556,-72.5547222
20013,AGUSTÍN CODAZZI,20,Cesar,9.9166667,-73.25
41016,AIPE,41,Huila,3.25,-75.3333333
18029,ALBANIA,18,Caquetá,1.3316667,-75.8822222
44035,ALBANIA,44,La Guajira,11.1597222,-72.5855556
68020,ALBANIA,68,Santander,5.8333333,-73.75
25019,ALBÁN,25,Cundinamarca,4.9166667,-74.45
52019,ALBÁN,52,Nariño,1.4744444,-77.0836111
76020,ALCALÁ,76,Valle del Cauca,4.6666667,-75.75
52022,ALDANA,52,Nariño,0.9166667,-77.6833333
5021,ALEJANDRÍA,5,Antioquia,6.3666667,-75.0833333
47030,ALGARROBO,47,Magdalena,10.1869444,-74.5752778
41020,ALGECIRAS,41,Huila,2.5833333,-75.25
19022,ALMAGUER,19,Cauca,1.9166667,-76.8333333
15022,ALMEIDA,15,Boyacá,4.9166667,-73.3333333
73024,ALPUJARRA,73,Tolima,3.4166667,-74.9166667
41026,ALTAMIRA,41,Huila,2.1666667,-75.8333333
27025,ALTO BAUDÓ (PIE DE PATO),27,Chocó,5.6666667,-77
13030,ALTOS DEL ROSARIO,13,Bolívar,8.7944444,-74.1658333
73026,ALVARADO,73,Tolima,4.5833333,-75
5030,AMAGÁ,5,Antioquia,6.05,-75.7
5031,AMALFI,5,Antioquia,7,-74.9166667
73030,AMBALEMA,73,Tolima,4.8333333,-74.8333333
25035,ANAPOIMA,25,Cundinamarca,4.6166667,-74.55
52036,ANCUYA,52,Nariño,1.25,-77.5
76036,ANDALUCÍA,76,Valle del Cauca,4.1741667,-76.1702778
5034,ANDES,5,Antioquia,5.5833333,-75.9166667
5036,ANGELÓPOLIS,5,Antioquia,6.1333333,-75.7
5038,ANGOSTURA,5,Antioquia,6.8666667,-75.3333333
25040,ANOLAIMA,25,Cundinamarca,4.8333333,-74.5
5040,ANORÍ,5,Antioquia,7.1666667,-75.0833333
17042,ANSERMA,17,Caldas,5.25,-75.75
76041,ANSERMANUEVO,76,Valle del Cauca,4.7972222,-76
73043,ANZOÁTEGUI,73,Tolima,4.6666667,-75.25
5044,ANZA,5,Antioquia,6.3333333,-75.9166667
5045,APARTADO,5,Antioquia,7.8855556,-76.6347222
25599,APULO,25,Cundinamarca,4.5833333,-74.5833333
66045,APÍA,66,Risaralda,5.1666667,-76
15047,AQUITANIA,15,Boyacá,5.5197222,-72.8875
47053,ARACATACA,47,Magdalena,10.5833333,-74
17050,ARANZAZU,17,Caldas,5.3,-75.45
68051,ARATOCA,68,Santander,6.8333333,-72.9666667
81001,ARAUCA,81,Arauca,7.0902778,-70.7616667
81065,ARAUQUITA,81,Arauca,6.8219444,-71.3236111
25053,ARBELÁEZ,25,Cundinamarca,4.3,-74.5833333
52051,ARBOLEDA (BERRUECOS),52,Nariño,1.5033333,-77.0877778
54051,ARBOLEDAS,54,Norte de Santander,7.6666667,-72.75
5051,ARBOLETES,5,Antioquia,8.5,-76.4166667
15051,ARCABUCO,15,Boyacá,5.8,-73.3833333
13042,ARENAL,13,Bolívar,8.4666667,-73.95
5055,ARGELIA,5,Antioquia,5.7341667,-75.1463889
19050,ARGELIA,19,Cauca,2.2666667,-77.25
76054,ARGELIA,76,Valle del Cauca,4.7,-76.1333333
47058,ARIGUANÍ,47,Magdalena,10.25,-74
13052,ARJONA,13,Bolívar,10.1666667,-75.3333333
5059,ARMENIA,5,Antioquia,6.1666667,-75.8333333
63001,ARMENIA,63,Quindío,4.5338889,-75.6811111
73055,ARMERO (GUAYABAL),73,Tolima,5.0833333,-74.8333333
13062,ARROYOHONDO,13,Bolívar,10.2497222,-75.0113889
20032,ASTREA,20,Cesar,9.5011111,-73.9802778
73067,ATACO,73,Tolima,3.3333333,-75.6666667
27050,EL CARMEN DE ATRATO,27,Chocó,5.5333333,-76.6333333
23068,AYAPEL,23,Córdoba,8.25,-75.25
27073,BAGADÓ,27,Chocó,5.5,-76.25
27075,BAHÍA SOLANO (MÚTIS),27,Chocó,6.2191667,-77.4077778
27077,BAJO BAUDÓ (PIZARRO),27,Chocó,5,-77.0833333
19075,BALBOA,19,Cauca,2.1,-77.2
66075,BALBOA,66,Risaralda,4.9166667,-75.95
8078,BARANOA,8,Atlántico,10.8,-74.9166667
41078,BARAYA,41,Huila,3.1666667,-75
52079,BARBACOAS,52,Nariño,1.5833333,-78
5079,BARBOSA,5,Antioquia,6.45,-75.3333333
68077,BARBOSA,68,Santander,6,-73.55
68079,BARICHARA,68,Santander,6.75,-73.1666667
50110,BARRANCA DE UPÍA,50,Meta,4.5755556,-72.9611111
68081,BARRANCABERMEJA,68,Santander,7.0652778,-73.8547222
44078,BARRANCAS,44,La Guajira,11,-72.75
13074,BARRANCO DE LOBA,13,Bolívar,8.8333333,-74.1666667
8001,BARRANQUILLA,8,Atlántico,10.9638889,-74.7963889
20045,BECERRIL,20,Cesar,9.7,-73.2847222
17088,BELALCÁZAR,17,Caldas,5,-75.8333333
5088,BELLO,5,Antioquia,6.3388889,-75.5622222
5086,BELMIRA,5,Antioquia,6.6666667,-75.6666667
25086,BELTRÁN,25,Cundinamarca,4.8,-74.75
15087,BELÉN,15,Boyacá,6.0833333,-72.9166667
52083,BELÉN,52,Nariño,1.5975,-77.0175
27086,BELÉN DE BAJIRÁ,27,Chocó,7.3725,-76.7147222
66088,BELÉN DE UMBRÍA,66,Risaralda,5.25,-75.9166667
18094,BELÉN DE LOS ANDAQUÍES,18,Caquetá,1.4166667,-75.9166667
15090,BERBEO,15,Boyacá,5.3333333,-73
5091,BETANIA,5,Antioquia,5.75,-75.9666667
15092,BETÉITIVA,15,Boyacá,6,-72.8333333
5093,BETULIA,5,Antioquia,6.2,-75.9166667
68092,BETULIA,68,Santander,7.0833333,-73.3333333
25095,BITUIMA,25,Cundinamarca,4.9166667,-74.55
15097,BOAVITA,15,Boyacá,6.4166667,-72.5833333
54099,BOCHALEMA,54,Norte de Santander,7.6666667,-72.5833333
11001,BOGOTÁ,25,Bogotá D.C,4.6,-74.0833333
25099,BOJACÁ,25,Cundinamarca,4.75,-74.3333333
27099,BOJAYÁ (BELLAVISTA),27,Chocó,6.5236111,-76.9744444
5101,CIUDAD BOLÍVAR,5,Antioquia,5.8333333,-76
19100,BOLÍVAR,19,Cauca,1.8333333,-76.9166667
68101,BOLÍVAR,68,Santander,6.25,-74
76100,BOLÍVAR,76,Valle del Cauca,4.3333333,-76.3333333
20060,BOSCONIA,20,Cesar,9.9761111,-73.8902778
15104,BOYACÁ,15,Boyacá,5.5,-72.5
5107,BRICEÑO,5,Antioquia,7.1122222,-75.5541667
15106,BRICEÑO,15,Boyacá,5.75,-73.8333333
68001,BUCARAMANGA,68,Santander,7.1297222,-73.1258333
54109,BUCARASICA,54,Norte de Santander,8.0833333,-73
76109,BUENAVENTURA,76,Valle del Cauca,3.8933333,-77.0697222
15109,BUENAVISTA,15,Boyacá,5.5,-73.9666667
23079,BUENAVISTA,23,Córdoba,8.7575,-75.89
63111,BUENAVISTA,63,Quindío,4.3622222,-75.7394444
70110,BUENAVISTA,70,Sucre,9.3222222,-74.9772222
19110,BUENOS AIRES,19,Cauca,2.9166667,-76.6666667
52110,BUESACO,52,Nariño,1.25,-77.0833333
76111,BUGA,76,Valle del Cauca,3.9022222,-76.3027778
76113,BUGALAGRANDE,76,Valle del Cauca,4.2094444,-76.1602778
5113,BURITICÁ,5,Antioquia,6.75,-75.9166667
15114,BUSBANZA,15,Boyacá,5.9166667,-72.85
25120,CABRERA,25,Cundinamarca,3.9780556,-74.4858333
68121,CABRERA,68,Santander,6.6333333,-73.2
50124,CABUYARO,50,Meta,4.2902778,-72.7905556
25123,CACHIPAY,25,Cundinamarca,5.2666667,-74.5666667
54128,CACHIRÁ,54,Norte de Santander,,
5125,CAICEDO,5,Antioquia,6.45,-75.9666667
76122,CAICEDONIA,76,Valle del Cauca,4.3336591746,-75.8342456818
70124,CAIMITO,70,Sucre,8.8333333,-75.1666667
73124,CAJAMARCA,73,Tolima,4.4166667,-75.5
19130,CAJIBÍO,19,Cauca,2.6666667,-76.6666667
25126,CAJICÁ,25,Cundinamarca,5,-74.05
13140,CALAMAR,13,Bolívar,10.25,-75
95015,CALAMAR,95,Guaviare,1.9597222,-72.6538889
63130,CALARCÁ,63,Quindío,4.5325,-75.6436111
5129,CALDAS,5,Antioquia,6.0833333,-75.6333333
15131,CALDAS,15,Boyacá,5.55,-73.8833333
19137,CALDONO,19,Cauca,2.8333333,-76.4166667
68132,CALIFORNIA,68,Santander,7.4166667,-72.85
76126,CALIMA (DARIÉN),76,Valle del Cauca,3.9166667,-76.6666667
19142,CALOTO,19,Cauca,3.0833333,-76.3333333
76001,CALI,76,Valle del Cauca,3.4372222,-76.5225
5134,CAMPAMENTO,5,Antioquia,7.0833333,-75.25
8137,CAMPO DE LA CRUZ,8,Atlántico,10.4166667,-74.9166667
41132,CAMPOALEGRE,41,Huila,2.6666667,-75.3333333
15135,CAMPOHERMOSO,15,Boyacá,5.0833333,-73
23090,CANALETE,23,Córdoba,8.6761111,-76.2041667
8141,CANDELARIA,8,Atlántico,10.5,-74.8333333
76130,CANDELARIA,76,Valle del Cauca,3.4130556,-76.3511111
13160,CANTAGALLO,13,Bolívar,7.3791667,-73.9180556
27135,CANTÓN DE SAN PABLO,27,Chocó,5.3388889,-76.7313889
25148,CAPARRAPÍ,25,Cundinamarca,5.4166667,-74.5833333
68147,CAPITANEJO,68,Santander,6.6,-72.6333333
5142,CARACOLÍ,5,Antioquia,6.4119444,-74.7605556
5145,CARAMANTA,5,Antioquia,5.5833333,-75.5833333
68152,CARCASÍ,68,Santander,6.8333333,-72.5
5147,CAREPA,5,Antioquia,7.7663889,-76.6611111
73148,CARMEN DE APICALÁ,73,Tolima,4.15,-74.7333333
25154,CARMEN DE CARUPA,25,Cundinamarca,5.3502778,-73.9052778
5148,EL CARMEN DE VIBORAL,5,Antioquia,6.08,-75.3386111
27150,CARMEN DEL DARIÉN,27,Chocó,7.1058,-76.97
5150,CAROLINA,5,Antioquia,6.8,-75.25
13001,CARTAGENA,13,Bolívar,10.3997222,-75.5144444
18150,CARTAGENA DEL CHAIRÁ,18,Caquetá,1.35,-74.84
76147,CARTAGO,76,Valle del Cauca,4.7463889,-75.9116667
97161,CARURÚ,97,Vaupés,0.9166667,-70.7333333
73152,CASABIANCA,73,Tolima,5.0833333,-75.1666667
50150,CASTILLA LA NUEVA,50,Meta,3.8,-73.5833333
5154,CAUCASIA,5,Antioquia,7.9166667,-75
5138,CAÑASGORDAS,5,Antioquia,6.75,-76
68160,CEPITÁ,68,Santander,6.8333333,-72.9166667
23162,CERETÉ,23,Córdoba,8.9166667,-76
15162,CERINZA,15,Boyacá,6,-72.9166667
68162,CERRITO,68,Santander,7,-72.5833333
47161,CERRO SAN ANTONIO,47,Magdalena,10.25,-74.8333333
52240,CHACHAGUÍ,52,Nariño,1.3594305393,-77.2836685181
25168,CHAGUANÍ,25,Cundinamarca,5,-74.65
70230,CHALÁN,70,Sucre,9.5491667,-75.3161111
73168,CHAPARRAL,73,Tolima,3.75,-75.5833333
68167,CHARALÁ,68,Santander,6.25,-73.0833333
68169,CHARTA,68,Santander,7.3,-72.9666667
5172,CHIGORODÓ,5,Antioquia,7.6666667,-76.6666667
68176,CHIMA,68,Santander,6.4166667,-73.3333333
20175,CHIMICHAGUA,20,Cesar,9.2577778,-73.8177778
23168,CHIMÁ,23,Córdoba,9.0833333,-75.6333333
15172,CHINAVITA,15,Boyacá,5.25,-73.3333333
17174,CHINCHINÁ,17,Caldas,5,-75.6666667
54172,CHINÁCOTA,54,Norte de Santander,7.75,-72.55
23182,CHINÚ,23,Córdoba,9.0833333,-75.3333333
25178,CHIPAQUE,25,Cundinamarca,4.5,-74.0833333
68179,CHIPATÁ,68,Santander,6.1333333,-73.55
15176,CHIQUINQUIRÁ,15,Boyacá,5.6333333,-73.75
20178,CHIRIGUANÁ,20,Cesar,9.5,-73.4166667
15180,CHISCAS,15,Boyacá,6.75,-72.3333333
15183,CHITA,15,Boyacá,6.1666667,-72.4166667
54174,CHITAGÁ,54,Norte de Santander,7.1666667,-72.5833333
15185,CHITARAQUE,15,Boyacá,6.0833333,-73.3666667
15187,CHIVATÁ,15,Boyacá,5.5333333,-73.2666667
47170,CHIVOLO,47,Magdalena,10.0280556,-74.6436111
25181,CHOACHÍ,25,Cundinamarca,4.5833333,-73.9166667
25183,CHOCONTÁ,25,Cundinamarca,5.1666667,-73.6666667
85015,CHÁMEZA,85,Casanare,5,-72.75
25175,CHÍA,25,Cundinamarca,4.9166667,-74.05
15232,CHÍQUIZA,15,Boyacá,5.6083333,-73.4886111
15236,CHÍVOR,15,Boyacá,4.8855556,-73.3688889
13188,CICUCO,13,Bolívar,9.4166667,-74.7333333
68190,CIMITARRA,68,Santander,6.3161111,-73.9505556
63190,CIRCASIA,63,Quindío,4.6166667,-75.6333333
5190,CISNEROS,5,Antioquia,6.5833333,-75.0833333
15189,CIÉNEGA,15,Boyacá,5.4666667,-73.25
47189,CIÉNAGA,47,Magdalena,10.8333333,-74.0833333
23189,CIÉNAGA DE ORO,23,Córdoba,8.8333333,-75.6666667
13222,CLEMENCIA,13,Bolívar,10.5891667,-75.3341667
5197,COCORNÁ,5,Antioquia,6,-75
73200,COELLO,73,Tolima,4.3333333,-74.9166667
25200,COGUA,25,Cundinamarca,5.15,-73.9666667
41206,COLOMBIA,41,Huila,2.5,-75.75
70204,COLOSÓ (RICAURTE),70,Sucre,9.4966667,-75.3555556
86219,COLÓN,86,Putumayo,1.1936111,-76.9769444
52203,COLÓN,52,Nariño,1.5833333,-77
5206,CONCEPCIÓN,5,Antioquia,6.4166667,-75.25
68207,CONCEPCIÓN,68,Santander,6.9166667,-72.5
5209,CONCORDIA,5,Antioquia,6.0833333,-75.9166667
47205,CONCORDIA,47,Magdalena,9.8402778,-74.4447222
27205,CONDOTO,27,Chocó,5.1666667,-76.5
68209,CONFINES,68,Santander,6.4166667,-73.1666667
52207,CONSACA,52,Nariño,1.2084064973,-77.4632263184
52210,CONTADERO,52,Nariño,0.9166667,-77.5333333
68211,CONTRATACIÓN,68,Santander,6.3333333,-73.4166667
54206,CONVENCIÓN,54,Norte de Santander,8.8333333,-73.2
5212,COPACABANA,5,Antioquia,6.3333333,-75.5
15212,COPER,15,Boyacá,5.4333333,-74.0333333
63212,CÓRDOBA,63,Quindío,4.3905556,-75.6888889
19212,CORINTO,19,Cauca,3.1666667,-76.2
68217,COROMORO,68,Santander,6.3333333,-73
70215,COROZAL,70,Sucre,9.3333333,-75.25
15215,CORRALES,15,Boyacá,5.8666667,-72.8333333
25214,COTA,25,Cundinamarca,4.8333333,-74.1333333
23300,COTORRA,23,Córdoba,9.05,-75.8
15218,COVARACHÍA,15,Boyacá,6.5833333,-72.7
70221,COVEÑAS,70,Sucre,9.4166667,-75.7
73217,COYAIMA,73,Tolima,3.8333333,-75.0833333
81220,CRAVO NORTE,81,Arauca,6.3030556,-70.2016667
52224,CUASPUD (CARLOSAMA),52,Nariño,0.8658333,-77.7294444
50223,CUBARRAL,50,Meta,3.7713889,-73.8377778
15223,CUBARÁ,15,Boyacá,7.0411111,-72.0608333
15224,CUCAITA,15,Boyacá,5.5333333,-73.4666667
25224,CUCUNUBÁ,25,Cundinamarca,5.25,-73.75
54223,CUCUTILLA,54,Norte de Santander,7.5,-72.75
15226,CUÍTIVA,15,Boyacá,5.65,-72.9166667
50226,CUMARAL,50,Meta,4.25,-73.3333333
99773,CUMARIBO,99,Vichada,4.4444444,-69.8002778
52227,CUMBAL,52,Nariño,0.9166667,-77.9166667
52233,CUMBITARA,52,Nariño,1.6533333,-77.5833333
73226,CUNDAY,73,Tolima,4.0833333,-74.6666667
18205,CURILLO,18,Caquetá,1.0352778,-75.9247222
68229,CURITÍ,68,Santander,6.6666667,-73
20228,CURUMANÍ,20,Cesar,9.2041667,-73.5486111
5120,CÁCERES,5,Antioquia,7.6666667,-75.3333333
54128,CÁCHIRA,54,Norte de Santander,7.75,-73.1666667
54125,CÁCOTA,54,Norte de Santander,7.25,-72.5833333
25151,CAQUEZA,25,Cundinamarca,4.45,-73.95
27160,CÉRTEGUI,27,Chocó,5.4,-76.6
15204,CÓMBITA,15,Boyacá,5.75,-73.25
13212,CÓRDOBA,13,Bolívar,9.5,-74.9166667
52215,CÓRDOBA,52,Nariño,0.7833333,-77.3333333
54001,CÚCUTA,54,Norte de Santander,7.8833333,-72.5052778
5234,DABEIBA,5,Antioquia,7,-76.25
76233,DAGUA,76,Valle del Cauca,3.6602778,-76.6927778
44090,DIBULLA,44,La Guajira,11.2722222,-73.3055556
44098,DISTRACCIÓN,44,La Guajira,10.8977778,-72.8869444
73236,DOLORES,73,Tolima,3.6666667,-74.75
5237,DON MATÍAS,5,Antioquia,6.5,-75.3333333
66170,DOS QUEBRADAS,66,Risaralda,4.8347222,-75.6725
15238,DUITAMA,15,Boyacá,5.8269444,-73.0202778
54239,DURANIA,54,Norte de Santander,7.75,-72.6333333
5240,EBÉJICO,5,Antioquia,6.3333333,-75.75
5250,EL BAGRE,5,Antioquia,7.5941667,-74.8119444
47245,EL BANCO,47,Magdalena,9.0455556,-73.9747222
76246,EL CAIRO,76,Valle del Cauca,4.75,-76.25
50245,EL CALVARIO,50,Meta,4.4166667,-73.6666667
54245,EL CARMEN,54,Norte de Santander,8.75,-73.3333333
68235,EL CARMEN DE CHUCURÍ,68,Santander,6.69,-73.51
13244,EL CARMEN DE BOLÍVAR,13,Bolívar,9.75,-75.1666667
50251,EL CASTILLO,50,Meta,3.5680556,-73.7838889
76248,EL CERRITO,76,Valle del Cauca,3.6666667,-76.1666667
52250,EL CHARCO,52,Nariño,2.3333333,-78.35
15244,EL COCUY,15,Boyacá,6.4166667,-72.4166667
25245,EL COLEGIO,25,Cundinamarca,4.5833333,-74.45
20238,EL COPEY,20,Cesar,10.1505556,-73.96
18247,EL DONCELLO,18,Caquetá,1.6794444,-75.2791667
50270,EL DORADO,50,Meta,2.7791667,-72.8719444
76250,EL DOVIO,76,Valle del Cauca,4.5,-76.25
15248,EL ESPINO,15,Boyacá,6.5833333,-72.4166667
68245,EL GUACAMAYO,68,Santander,6.3333333,-73.4666667
13248,EL GUAMO,13,Bolívar,10.0833333,-74.9166667
44110,EL MOLINO,44,La Guajira,10.6533333,-72.9241667
20250,EL PASO,20,Cesar,9.6622222,-73.7519444
18256,EL PAUJIL,18,Caquetá,15.64,75.33
52254,EL PEÑOL,52,Nariño,1.4333333,-77.4333333
13268,EL PEÑÓN,13,Bolívar,8.9833333,-73.95
68250,EL PEÑÓN,68,Santander,6.55,-72.8333333
25258,EL PEÑÓN,25,Cundinamarca,5.3333333,-74.3333333
47258,EL PIÑON,47,Magdalena,10.3333333,-74.6666667
68255,EL PLAYÓN,68,Santander,7.4766667,-73.2080556
95025,EL RETORNO,95,Guaviare,2.3305556,-72.6277778
47268,EL RETÉN,47,Magdalena,10.6166667,-74.2666667
70233,EL ROBLE,70,Sucre,9.1,-75.2
25260,EL ROSAL,25,Cundinamarca,4.85,-74.2666667
52256,EL ROSARIO,52,Nariño,1.8333333,-77.3333333
19256,EL TAMBO,19,Cauca,2.5,-77
52260,EL TAMBO,52,Nariño,1.4,-77.3333333
54250,EL TARRA,54,Norte de Santander,8.5847222,-73.0883333
54261,EL ZULIA,54,Norte de Santander,7.9355556,-72.61
76243,EL ÁGUILA,76,Valle del Cauca,4.9166667,-76.0833333
41244,ELÍAS,41,Huila,2.0833333,-76
68264,ENCINO,68,Santander,6.1666667,-73
68266,ENCISO,68,Santander,6.75,-72.6333333
5264,ENTRERRIOS,5,Antioquia,6.5833333,-75.5833333
5266,ENVIGADO,5,Antioquia,6.1730556,-75.5638889
73268,ESPINAL,73,Tolima,4.2,-74.8333333
25269,FACATATIVÁ,25,Cundinamarca,4.8166667,-74.3666667
73270,FALAN,73,Tolima,5.1333333,-75
17272,FILADELFIA,17,Caldas,5.3,-75.6
63272,FILANDIA,63,Quindío,4.6666667,-75.6333333
15272,FIRAVITOBA,15,Boyacá,5.75,-72.9666667
73275,FLANDES,73,Tolima,4.25,-74.8333333
18001,FLORENCIA,18,Caquetá,1.6175,-75.6175
19290,FLORENCIA,19,Cauca,1.6944444,-77.0758333
15276,FLORESTA,15,Boyacá,5.9166667,-72.9166667
76275,FLORIDA,76,Valle del Cauca,3.3275,-76.2386111
68276,FLORIDABLANCA,68,Santander,7.0647222,-73.0897222
68271,FLORIÁN,68,Santander,5.8047222,-73.9741667
44279,FONSECA,44,La Guajira,10.8333333,-72.8333333
81300,FORTÚL,81,Arauca,6.7461111,-71.8566667
25281,FOSCA,25,Cundinamarca,4.3333333,-73.9166667
52520,FRANCISCO PIZARRO,52,Nariño,2.1019444,-78.7216667
5282,FREDONIA,5,Antioquia,5.9166667,-75.6666667
73283,FRESNO,73,Tolima,5.1666667,-75.0833333
5284,FRONTINO,5,Antioquia,6.6666667,-76.3333333
50287,FUENTE DE ORO,50,Meta,3.4594444,-73.6127778
47288,FUNDACIÓN,47,Magdalena,10.4166667,-73.9166667
52287,FUNES,52,Nariño,0.95,-77.3333333
25286,FUNZA,25,Cundinamarca,4.7833333,-74.2
25290,FUSAGASUGÁ,25,Cundinamarca,4.4166667,-74.4
25279,FOMEQUE,25,Cundinamarca,4.5833333,-73.8333333
25288,FÚQUENE,25,Cundinamarca,5.4166667,-73.8
25293,GACHALÁ,25,Cundinamarca,4.6666667,-73.5
25295,GACHANCIPÁ,25,Cundinamarca,5.0833333,-73.8833333
15293,GACHANTIVÁ,15,Boyacá,5.75,-73.5
25297,GACHETÁ,25,Cundinamarca,4.9166667,-73.6666667
8296,GALAPA,8,Atlántico,10.9166667,-74.8333333
70235,GALERAS (NUEVA GRANADA),70,Sucre,9.1630556,-75.0525
68296,GALÁN,68,Santander,6.7,-73.3
25299,GAMA,25,Cundinamarca,4.75,-73.6
20295,GAMARRA,20,Cesar,8.3333333,-73.6666667
15299,GARAGOA,15,Boyacá,5.1333333,-73.3
41298,GARZÓN,41,Huila,2.25,-75.5833333
41306,GIGANTE,41,Huila,2.5,-75.5
76306,GINEBRA,76,Valle del Cauca,3.75,-76.1666667
5306,GIRALDO,5,Antioquia,6.6666667,-75.9166667
25307,GIRARDOT,25,Cundinamarca,4.3030556,-74.8008333
5308,GIRARDOTA,5,Antioquia,6.4166667,-75.45
68306,GIRÓN,68,Santander,7.0708333,-73.1730556
20310,GONZÁLEZ,20,Cesar,8.4,-73.3333333
54313,GRAMALOTE,54,Norte de Santander,7.9166667,-72.75
5313,GRANADA,5,Antioquia,6.1666667,-75.1333333
25312,GRANADA,25,Cundinamarca,5.0666667,-74.5666667
50313,GRANADA,50,Meta,3.5386111,-73.7005556
68318,GUACA,68,Santander,7,-72.7666667
15317,GUACAMAYAS,15,Boyacá,6.5,-72.5
76318,GUACARÍ,76,Valle del Cauca,3.7694444,-76.3380556
52699,GUACHAVÉS,52,Nariño,1.2247222,-77.68
19300,GUACHENÉ,19,Cauca,3.1333333,-76.3833333
25317,GUACHETÁ,25,Cundinamarca,5.4166667,-73.7
52317,GUACHUCAL,52,Nariño,1,-77.75
5315,GUADALUPE,5,Antioquia,6.8175,-75.2441667
41319,GUADALUPE,41,Huila,2.0833333,-75.6666667
68320,GUADALUPE,68,Santander,6.3,-73.3333333
25320,GUADUAS,25,Cundinamarca,5.25,-74.6666667
52320,GUAITARILLA,52,Nariño,1.15,-77.5
52323,GUALMATÁN,52,Nariño,0.8333333,-77.5833333
47318,GUAMAL,47,Magdalena,9.25,-74.1666667
50318,GUAMAL,50,Meta,3.9166667,-74
73319,GUAMO,73,Tolima,4.0833333,-74.9166667
68322,GUAPOTÁ,68,Santander,6.3833333,-73.25
19318,GUAPI,19,Cauca,2.4166667,-77.6
70265,GUARANDA,70,Sucre,8.4697222,-75.5383333
5318,GUARNE,5,Antioquia,6.25,-75.4166667
25322,GUASCA,25,Cundinamarca,4.8333333,-73.8333333
5321,GUATAPÉ,5,Antioquia,6.25,-75.1666667
25324,GUATAQUÍ,25,Cundinamarca,4.5833333,-74.8
25326,GUATAVITA,25,Cundinamarca,4.9666667,-73.75
15322,GUATEQUE,15,Boyacá,5.0833333,-73.5
68324,GUAVATÁ,68,Santander,6,-73.65
25328,GUAYABAL DE SIQUIMA,25,Cundinamarca,4.8813889,-74.4702778
25335,GUAYABETAL,25,Cundinamarca,4.2163889,-73.8133333
15325,GUAYATÁ,15,Boyacá,5,-73.5
68327,GUEPSA,68,Santander,6.0833333,-73.5
15332,GÜICÁN,15,Boyacá,6.75,-72.1666667
25339,GUTIÉRREZ,25,Cundinamarca,4.25,-74
66318,GUÁTICA,66,Risaralda,5.3333333,-75.8333333
68298,GÁMBITA,68,Santander,6,-73.25
15296,GÁMEZA,15,Boyacá,5.85,-72.75
63302,GÉNOVA,63,Quindío,4.25,-75.6666667
5310,GÓMEZ PLATA,5,Antioquia,6.75,-75.8333333
54344,HACARÍ,54,Norte de Santander,8.5,-73.0833333
13300,HATILLO DE LOBA,13,Bolívar,8.9586111,-74.0808333
68344,HATO,68,Santander,6.5833333,-73.3333333
85125,HATO COROZAL,85,Casanare,6.1555556,-71.7655556
44378,HATONUEVO,44,La Guajira,11.0694444,-72.7669444
5347,HELICONIA,5,Antioquia,6.2333333,-75.75
54347,HERRÁN,54,Norte de Santander,7.5,-72.4666667
73347,HERVEO,73,Tolima,5.0833333,-75.1666667
5353,HISPANIA,5,Antioquia,5.8025,-75.9116667
41349,HOBO,41,Huila,2.5833333,-75.5
73349,HONDA,73,Tolima,5.25,-74.8333333
73001,IBAGUÉ,73,Tolima,4.4388889,-75.2322222
73352,ICONONZO,73,Tolima,4.1666667,-74.55
52352,ILES,52,Nariño,0.95,-77.5333333
52354,IMÚES,52,Nariño,1.05,-77.5
19355,INZÁ,19,Cauca,2.6666667,-76.0833333
94001,INÍRIDA,94,GuainÍa,3.8652778,-67.9238889
52356,IPIALES,52,Nariño,0.8302778,-77.6444444
41359,ISNOS,41,Huila,2.0833333,-76.25
27361,ISTMINA,27,Chocó,5.1588889,-76.6916667
5360,ITAGÜÍ,5,Antioquia,6.1719444,-75.6113889
5361,ITUANGO,5,Antioquia,7.25,-76
15362,IZA,15,Boyacá,5.6666667,-72.9166667
19364,JAMBALÓ,19,Cauca,2.85,-76.3166667
76364,JAMUNDÍ,76,Valle del Cauca,3.1666667,-76.5833333
5364,JARDÍN,5,Antioquia,5.5833333,-75.8333333
15367,JENESANO,15,Boyacá,5.3888889,-73.3680556
5368,JERICÓ,5,Antioquia,5.75,-75.75
15368,JERICÓ,15,Boyacá,6.2,-72.5833333
25368,JERUSALÉN,25,Cundinamarca,4.6666667,-74.6666667
68368,JESÚS MARÍA,68,Santander,5.9166667,-73.8333333
68370,JORDÁN,68,Santander,6.75,-73.0666667
8132,JUAN DE ACOSTA,8,Atlántico,10.8333333,-75.0333333
25372,JUNÍN,25,Cundinamarca,4.75,-73.6666667
27372,JURADÓ,27,Chocó,7,-77.6666667
23350,LA APARTADA,23,Córdoba,8.05,-75.335556
41378,LA ARGENTINA,41,Huila,2.25,-76.1666667
68377,LA BELLEZA,68,Santander,5.8613889,-73.9683333
25377,LA CALERA,25,Cundinamarca,4.75,-73.9166667
15380,LA CAPILLA,15,Boyacá,5.15,-73.45
5376,LA CEJA,5,Antioquia,6,-75.4166667
66383,LA CELIA,66,Risaralda,4.9666667,-76
52378,LA CRUZ,52,Nariño,1.55,-76.8833333
76677,LA CUMBRE,76,Valle del Cauca,3.6666667,-76.5833333
17380,LA DORADA,17,Caldas,5.5333333,-74.7
54385,LA ESPERANZA,54,Norte de Santander,8.1666667,-72.4666667
5380,LA ESTRELLA,5,Antioquia,6.1666667,-75.6666667
52381,LA FLORIDA,52,Nariño,1.25,-77.4166667
20383,LA GLORIA,20,Cesar,8.5833333,-73.5833333
20400,LA JAGUA DE IBIRICO,20,Cesar,9.5641667,-73.3375
44420,LA JAGUA DEL PILAR,44,La Guajira,10.5166667,-73.0833333
52385,LA LLANADA,52,Nariño,1.4777778,-77.5838889
50350,LA MACARENA,50,Meta,2.8536111,-73.9436111
17388,LA MERCED,17,Caldas,5.4019444,-75.8847222
25386,LA MESA,25,Cundinamarca,4.6666667,-74.5
18410,LA MONTAÑITA,18,Caquetá,1.5833333,-75.25
25394,LA PALMA,25,Cundinamarca,5.4166667,-74.4166667
68397,LA PAZ,68,Santander,6.25,-73.4666667
20621,LA PAZ,20,Cesar,10.1666667,-73.25
25398,LA PEÑA,25,Cundinamarca,5.25,-74.4166667
5390,LA PINTADA,5,Antioquia,5.75,-75.6
41396,LA PLATA,41,Huila,2.4166667,-76.1666667
54398,LA PLAYA,54,Norte de Santander,8.25,-73.1666667
99524,LA PRIMAVERA,99,Vichada,5.4905556,-70.4091667
85136,LA SALINA,85,Casanare,6.1852778,-72.3444444
19392,LA SIERRA,19,Cauca,2.25,-76.8333333
63401,LA TEBAIDA,63,Quindío,4.45,-75.8
52390,LA TOLA,52,Nariño,2.4108333,-78.2427778
5400,LA UNIÓN,5,Antioquia,5.9166667,-75.3333333
52399,LA UNIÓN,52,Nariño,1.5833333,-77.0833333
70400,LA UNIÓN,70,Sucre,8.8605556,-75.2805556
76400,LA UNIÓN,76,Valle del Cauca,4.5358333,-76.1066667
15403,LA UVITA,15,Boyacá,6.3333333,-72.5
19397,LA VEGA,19,Cauca,2.0833333,-76.8333333
25402,LA VEGA,25,Cundinamarca,5,-74.35
15401,LA VICTORIA,15,Boyacá,5.5258333,-74.2361111
17867,LA VICTORIA,17,Caldas,4.5238889,-76.0411111
76403,LA VICTORIA,76,Valle del Cauca,4.5238889,-76.0411111
66400,LA VIRGINIA,66,Risaralda,4.9166667,-75.8333333
54377,LABATECA,54,Norte de Santander,7.3333333,-72.5
15377,LABRANZAGRANDE,15,Boyacá,5.5833333,-72.5833333
68385,LANDÁZURI,68,Santander,6.2238889,-73.8127778
68406,LEBRÍJA,68,Santander,7.4166667,-73.4166667
52405,LEIVA,52,Nariño,1.9375,-77.3080556
50400,LEJANÍAS,50,Meta,3.5136111,-74.0516667
25407,LENGUAZAQUE,25,Cundinamarca,5.3333333,-73.6666667
91001,LETICIA,91,Amazonas,-4.2152778,-69.9405556
5411,LIBORINA,5,Antioquia,6.75,-75.75
52411,LINARES,52,Nariño,1.3833333,-77.45
27413,LLORÓ,27,Chocó,5.5833333,-76.4166667
23417,LORICA,23,Córdoba,9.1666667,-75.8333333
23419,LOS CÓRDOBAS,23,Córdoba,8.9,-76.3597222
70418,LOS PALMITOS,70,Sucre,9.3811111,-75.2713889
54405,LOS PATIOS,54,Norte de Santander,7.8383333,-72.5133333
68418,LOS SANTOS,68,Santander,6.9166667,-73.0833333
54418,LOURDES,54,Norte de Santander,7.9666667,-72.8333333
8421,LURUACO,8,Atlántico,10.6141667,-75.1461111
73408,LÉRIDA,73,Tolima,4.9166667,-74.9166667
73411,LÍBANO,73,Tolima,4.9166667,-75.1666667
19418,LÓPEZ (MICAY),19,Cauca,2.4333333,-76.8
15425,MACANAL,15,Boyacá,4.9166667,-73.25
68425,MACARAVITA,68,Santander,6.5833333,-72.5333333
5425,MACEO,5,Antioquia,6.5,-74.75
25426,MACHETÁ,25,Cundinamarca,5.0833333,-73.6166667
25430,MADRID,25,Cundinamarca,4.8333333,-74.3
13430,MAGANGUÉ,13,Bolívar,9.2413889,-74.7533333
52427,MAGÜI (PAYÁN),52,Nariño,1.9166667,-77.8333333
13433,MAHATES,13,Bolívar,10.1666667,-75.1666667
44430,MAICAO,44,La Guajira,11.3841667,-72.2441667
70429,MAJAGUAL,70,Sucre,8.5,-74.6666667
8433,MALAMBO,8,Atlántico,10.8588889,-74.7730556
52435,MALLAMA (PIEDRANCHA),52,Nariño,1.0833333,-77.8166667
8436,MANATÍ,8,Atlántico,10.5,-75
44560,MANAURE,44,La Guajira,11.7791667,-72.4494444
20443,MANAURE,20,Cesar,10.3927778,-73.0325
17001,MANIZALES,17,Caldas,5.07,-75.5205556
25436,MANTA,25,Cundinamarca,5.0833333,-73.5833333
17433,MANZANARES,17,Caldas,5.25,-75.1666667
85139,MANÍ,85,Casanare,4.8333333,-72.3333333
50325,MAPIRIPAN,50,Meta,2.8911111,-72.1322222
13440,MARGARITA,13,Bolívar,9.0833333,-74.2
5440,MARINILLA,5,Antioquia,6.2,-75.3
15442,MARIPÍ,15,Boyacá,5.5833333,-74
73443,SAN SEBASTIÁN DE MARIQUITA,73,Tolima,5.25,-74.9166667
17442,MARMATO,17,Caldas,5.5,-75.5833333
17444,MARQUETALIA,17,Caldas,5.3333333,-75
66440,MARSELLA,66,Risaralda,4.9166667,-75.75
17446,MARULANDA,17,Caldas,5.3333333,-75.25
13442,MARÍA LA BAJA,13,Bolívar,10,-75.3333333
68444,MATANZA,68,Santander,7.4166667,-73.0833333
5001,MEDELLÍN,5,Antioquia,6.2913889,-75.5361111
25438,MEDINA,25,Cundinamarca,4.5,-73.3333333
27450,MEDIO SAN JUAN (ANDAGOYA),27,Chocó,5.1,-76.68
73449,MELGAR,73,Tolima,4.25,-74.5833333
19450,MERCADERES,19,Cauca,1.75,-77.1666667
50330,MESETAS,50,Meta,3.3780556,-74.0447222
18460,MILÁN,18,Caquetá,1.3483333,-75.5116667
15455,MIRAFLORES,15,Boyacá,5.25,-73.1666667
95200,MIRAFLORES,95,Guaviare,1.3366667,-71.9511111
19455,MIRANDA,19,Cauca,3.25,-76.25
66456,MISTRATÓ,66,Risaralda,5.4166667,-76
97001,MITÚ,97,Vaupés,1.1983333,-70.1733333
86001,MOCOA,86,Putumayo,1.1488889,-76.6477778
68464,MOGOTES,68,Santander,6.5833333,-72.9166667
68468,MOLAGAVITA,68,Santander,6.75,-72.75
23464,MOMIL,23,Córdoba,9.2372222,-75.6780556
13468,MOMPÓS,13,Bolívar,9.25,-74.5833333
15464,MONGUA,15,Boyacá,5.8333333,-72.6666667
15466,MONGUÍ,15,Boyacá,5.75,-72.8333333
15469,MONIQUIRÁ,15,Boyacá,5.9166667,-73.5
5467,MONTEBELLO,5,Antioquia,5.9166667,-75.5
13458,MONTECRISTO,13,Bolívar,8.2994444,-74.4755556
23466,MONTELÍBANO,23,Córdoba,7.75,-75.6666667
63470,MONTENEGRO,63,Quindío,4.5,-75.8
23001,MONTERÍA,23,Córdoba,8.7575,-75.89
85162,MONTERREY,85,Casanare,4.9166667,-72.8333333
13473,MORALES,13,Bolívar,8.4166667,-74
19473,MORALES,19,Cauca,2.8,-76.6666667
18479,MORELIA,18,Caquetá,1.4875,-75.72
70473,MORROA,70,Sucre,9.4166667,-75.3333333
25473,MOSQUERA,25,Cundinamarca,4.75,-74.3333333
52473,MOSQUERA,52,Nariño,2.35,-78.35
15476,MOTAVITA,15,Boyacá,5.5797222,-73.3713889
23500,MOÑITOS,23,Córdoba,8.25,-76.05
73461,MURILLO,73,Tolima,4.8769444,-75.1738889
5475,MURINDÓ,5,Antioquia,6.8,-76.8
5480,MUTATÁ,5,Antioquia,7.3333333,-76.5
54480,MUTISCUA,54,Norte de Santander,7.3333333,-72.7166667
15480,MUZO,15,Boyacá,5.5166667,-74.1166667
68432,MÁLAGA,68,Santander,6.7833333,-72.6666667
5483,NARIÑO,5,Antioquia,5.6,-75.1666667
25483,NARIÑO,25,Cundinamarca,4.45,-74.8
52480,NARIÑO,52,Nariño,1.5,-78
73483,NATAGAIMA,73,Tolima,3.5833333,-75.0833333
5495,NECHÍ,5,Antioquia,8.0963889,-74.7758333
5490,NECOCLÍ,5,Antioquia,8.4238889,-76.7911111
17486,NEIRA,17,Caldas,5.1666667,-75.5
41001,NEIVA,41,Huila,2.9305556,-75.3302778
25486,NEMOCÓN,25,Cundinamarca,5.1333333,-73.9
25488,NILO,25,Cundinamarca,4.3333333,-74.5833333
25489,NIMAIMA,25,Cundinamarca,5.2,-74.4166667
15491,NOBSA,15,Boyacá,5.8333333,-72.9166667
25491,NOCAIMA,25,Cundinamarca,5.1166667,-74.4166667
17495,NORCASIA,17,Caldas,5.5666667,-74.8833333
13490,NOROSÍ,13,Bolívar,8.5333333,-74.0333333
27491,NOVITA,27,Chocó,4.9166667,-76.5833333
47460,NUEVA GRANADA,47,Magdalena,9.8030556,-74.3902778
15494,NUEVO COLÓN,15,Boyacá,5.4166667,-73.4166667
85225,NUNCHÍA,85,Casanare,5.6405556,-72.1986111
27495,NUQUÍ,27,Chocó,6,-77.3333333
41483,NÁTAGA,41,Huila,2.65,-75.8
76497,OBANDO,76,Valle del Cauca,4.5833333,-75.9166667
68498,OCAMONTE,68,Santander,6.4166667,-73.0833333
54498,OCAÑA,54,Norte de Santander,8.25,-73.3
68500,OIBA,68,Santander,6.3,-73.25
15500,OICATÁ,15,Boyacá,5.6,-73.3166667
5501,OLAYA,5,Antioquia,6.6666667,-75.75
52490,OLAYA HERRERA,52,Nariño,1.2666667,-77.4833333
68502,ONZAGA,68,Santander,6.3333333,-72.75
41503,OPORAPA,41,Huila,2.0833333,-76.0166667
86320,ORITO,86,Putumayo,0.6966667,-76.8747222
85230,OROCUÉ,85,Casanare,4.7941667,-71.34
73504,ORTEGA,73,Tolima,3.9166667,-75.25
52506,OSPINA,52,Nariño,1.0333333,-77.55
15507,OTANCHE,15,Boyacá,5.75,-74.25
70508,OVEJAS,70,Sucre,9.5,-75.1666667
15511,PACHAVITA,15,Boyacá,5.1333333,-73.4
25513,PACHO,25,Cundinamarca,5.25,-74.1666667
19513,PADILLA,19,Cauca,3.0666667,-76.3166667
41518,PAICOL,41,Huila,2.45,-75.75
20517,PAILITAS,20,Cesar,8.9661111,-73.6316667
25518,PAIME,25,Cundinamarca,5.4166667,-74.1666667
15516,PAIPA,15,Boyacá,5.8333333,-73.1
15518,PAJARITO,15,Boyacá,5.4166667,-72.6666667
41524,PALERMO,41,Huila,3,-75.5
17524,PALESTINA,17,Caldas,5.0833333,-75.6666667
41530,PALESTINA,41,Huila,1.75,-76.0666667
68522,PALMAR,68,Santander,6.5833333,-73.25
8520,PALMAR DE VARELA,8,Atlántico,10.7466667,-74.7555556
68524,PALMAS DEL SOCORRO,68,Santander,6.45,-73.25
76520,PALMIRA,76,Valle del Cauca,3.5394444,-76.3036111
70523,PALMITO,70,Sucre,9.3333333,-75.55
73520,PALOCABILDO,73,Tolima,5.1333333,-75.0333333
54518,PAMPLONA,54,Norte de Santander,7.3780556,-72.6525
54520,PAMPLONITA,54,Norte de Santander,7.5,-72.5833333
25524,PANDI,25,Cundinamarca,4.25,-74.5
15522,PANQUEBA,15,Boyacá,6.5,-72.4166667
25530,PARATEBUENO,25,Cundinamarca,4.3730556,-73.2213889
25535,PASCA,25,Cundinamarca,4.3333333,-74.2833333
19532,PATÍA,19,Cauca,2.1155556,-76.9891667
15531,PAUNA,15,Boyacá,5.75,-73.9166667
15532,PAYA,15,Boyacá,5.6666667,-72.3816667
85250,PAZ DE ARIPORO,85,Casanare,5.8833333,-71.9
15537,PAZ DE RÍO,15,Boyacá,6.0833333,-72.75
47441,PEDRAZA,47,Magdalena,10.1666667,-74.75
20550,PELAYA,20,Cesar,8.6916667,-73.6663889
17541,PENSILVANIA,17,Caldas,5.5,-75.0833333
5543,PEQUE,5,Antioquia,7,-75.8333333
66001,PEREIRA,66,Risaralda,4.8133333,-75.6961111
15542,PESCA,15,Boyacá,5.5833333,-73.05
5541,EL PEÑOL,5,Antioquia,6.25,-75.25
19533,PIAMONTE,19,Cauca,7.7833333,-75.2
68547,PIE DE CUESTA,68,Santander,5.8383333,-74.0366667
73547,PIEDRAS,73,Tolima,4.5,-74.9166667
19548,PIENDAMÓ,19,Cauca,2.75,-76.5
63548,PIJAO,63,Quindío,4.3333333,-75.6666667
47545,PIJIÑO,47,Magdalena,`9.3302778,-74.4497222
68549,PINCHOTE,68,Santander,6.5833333,-73.1666667
13549,PINILLOS,13,Bolívar,8.9172222,-74.4663889
8549,PIOJÓ,8,Atlántico,10.75,-75.1333333
15550,PISBA,15,Boyacá,5.7427778,-72.4894444
41548,PITAL,41,Huila,2.3333333,-75.8333333
41551,PITALITO,41,Huila,1.75,-76.1666667
47551,PIVIJAY,47,Magdalena,10.4166667,-74.3333333
73555,PLANADAS,73,Tolima,3.25,-75.75
23555,PLANETA RICA,23,Córdoba,8.3333333,-75.5833333
47555,PLATO,47,Magdalena,9.8333333,-74.3333333
52540,POLICARPA,52,Nariño,1.6316667,-77.4616667
8558,POLONUEVO,8,Atlántico,10.75,-74.7833333
8560,PONEDERA,8,Atlántico,10.6436111,-74.7544444
19001,POPAYÁN,19,Cauca,3.2775,-75.6213889
85263,PORE,85,Casanare,5.6708333,-71.93
52560,POTOSÍ,52,Nariño,0.75,-77.4166667
76563,PRADERA,76,Valle del Cauca,3.4211111,-76.2447222
73563,PRADO,73,Tolima,3.75,-74.8333333
52565,PROVIDENCIA,52,Nariño,1.5702778,-77.4694444
88564,SAN ANDRÉS,88,San Andrés y Providencia,12.5,-81.75
20570,PUEBLO BELLO,20,Cesar,10.3666667,-73.6333333
23570,PUEBLO NUEVO,23,Córdoba,8.2333333,-74.9666667
66572,PUEBLO RICO,66,Risaralda,5.25,-76.1666667
5576,PUEBLORRICO,5,Antioquia,5.8,-75.85
47570,PUEBLOVIEJO,47,Magdalena,10.9833333,-74.3333333
68572,PUENTE NACIONAL,68,Santander,5.9166667,-73.5833333
52573,PUERRES,52,Nariño,0.9166667,-77.25
86568,PUERTO ASÍS,86,Putumayo,0.5158333,-76.4950
5579,PUERTO BERRÍO,5,Antioquia,6.4166667,-74.5
15572,PUERTO BOYACÁ,15,Boyacá,5.9780556,-74.5897222
86569,PUERTO CAICEDO,86,Putumayo,0.6838889,-76.5858333
99001,PUERTO CARREÑO,99,Vichada,6.1877778,-67.4730556
8573,PUERTO COLOMBIA,8,Atlántico,11.0166667,-74.8833333
50450,PUERTO CONCORDIA,50,Meta,2.6794444,-72.7608333
23574,PUERTO ESCONDIDO,23,Córdoba,8.95,-76.25
50568,PUERTO GAITÁN,50,Meta,4.3141667,-72.0825
86571,PUERTO GUZMÁN,86,Putumayo,0.9702778,-76.5858333
86573,PUERTO LEGUÍZAMO,86,Putumayo,-0.2,-74.7666667
23580,PUERTO LIBERTADOR,23,Córdoba,4.6,-74.1166667
50577,PUERTO LLERAS,50,Meta,3,-72.5
50573,PUERTO LÓPEZ,50,Meta,4.0833333,-72.9666667
5585,PUERTO NARE,5,Antioquia,6.1916667,-74.5866667
91540,PUERTO NARIÑO,91,Amazonas,-3.7702778,-70.3830556
68573,PUERTO PARRA,68,Santander,6.6516667,-74.0608333
18592,PUERTO RICO,18,Caquetá,1.9141667,-75.14
50590,PUERTO RICO,50,Meta,2.9383333,-73.2083333
81591,PUERTO RONDÓN,81,Arauca,6.2780556,-71.1
25572,PUERTO SALGAR,25,Cundinamarca,5.5,-74.5833333
54553,PUERTO SANTANDER,54,Norte de Santander,8.3636111,-72.4075
19573,PUERTO TEJADA,19,Cauca,3.25,-76.4166667
5591,PUERTO TRIUNFO,5,Antioquia,5.8708333,-74.6455556
68575,PUERTO WILCHES,68,Santander,7.5833333,-73.6666667
25580,PULÍ,25,Cundinamarca,4.75,-74.6666667
52585,PUPIALES,52,Nariño,0.9166667,-77.6666667
19585,PURACÉ,19,Cauca,2.3480556,-76.5008333
73585,PURIFICACIÓN,73,Tolima,3.9166667,-74.9166667
23586,PURÍSIMA,23,Córdoba,9.3,-75.6666667
17513,PÁCORA,17,Caldas,5.5,-75.5
15514,PÁEZ,15,Boyacá,5.1044444,-73.0555556
19517,PAEZ,19,Cauca,5.1044444,-73.0555556
68533,PÁRAMO,68,Santander,6.5,-73.1333333
25592,QUEBRADANEGRA,25,Cundinamarca,5.15,-74.5
25594,QUETAME,25,Cundinamarca,4.3333333,-73.8333333
27001,QUIBDÓ,27,Chocó,5.6947222,-76.6611111
63594,QUIMBAYA,63,Quindío,4.6333333,-75.75
66594,QUINCHÍA,66,Risaralda,5.3333333,-75.6666667
15580,QUÍPAMA,15,Boyacá,5.5222222,-74.1808333
25596,QUIPILE,25,Cundinamarca,4.75,-74.5833333
54599,RAGONVALIA,54,Norte de Santander,7.5833333,-72.5
15599,RAMIRIQUÍ,15,Boyacá,5.4166667,-73.3333333
85279,RECETOR,85,Casanare,5.3333333,-72.75
13580,REGIDOR,13,Bolívar,8.6666667,-73.8333333
5604,REMEDIOS,5,Antioquia,7,-74.4166667
47605,REMOLINO,47,Magdalena,10.6666667,-74.5833333
8606,REPELÓN,8,Atlántico,10.55,-75.1333333
50606,RESTREPO,50,Meta,4.1666667,-73.4166667
76606,RESTREPO,76,Valle del Cauca,3.7833333,-76.5
5607,RETIRO,5,Antioquia,6.0833333,-75.5
25612,RICAURTE,25,Cundinamarca,4.2797222,-74.7761111
52612,RICAURTE,52,Nariño,1.1666667,-78.1666667
68615,RIONEGRO,68,Santander,7.2191667,-73.1558333
73616,RIOBLANCO,73,Tolima,3.5,-75.8333333
76616,RIOFRÍO,76,Valle del Cauca,4.0833333,-76.3333333
44001,RIOHACHA,44,La Guajira,11.5444444,-72.9072222
17616,RISARALDA,17,Caldas,5.1666667,-75.75
41615,RIVERA,41,Huila,2.8333333,-75.1666667
52621,ROBERTO PAYÁN (SAN JOSE),52,Nariño,1.9166667,-78.3333333
76622,ROLDANILLO,76,Valle del Cauca,4.4147222,-76.1547222
73622,RONCESVALLES,73,Tolima,4.0833333,-75.5833333
15621,RONDÓN,15,Boyacá,5.4166667,-73.1666667
19622,ROSAS,19,Cauca,2.3333333,-76.75
73624,ROVIRA,73,Tolima,4.25,-75.3333333
15600,RÁQUIRA,15,Boyacá,5.6166667,-73.6333333
27580,RÍO IRÓ,27,Chocó,5.1,-76.6666667
27600,RÍO QUITO,27,Chocó,5.7,-76.6666667
17614,RIOSUCIO,17,Caldas,5.3791667,-75.6161111
13600,RÍO VIEJO,13,Bolívar,8.59,-73.8436111
20614,RÍO DE ORO,20,Cesar,8,-73.5
5615,RIONEGRO,5,Antioquia,6.1666667,-75.4166667
27615,RIOSUCIO,27,Chocó,7.4166667,-77.1666667
68655,SABANA DE TORRES,68,Santander,7.3980556,-73.4969444
8634,SABANAGRANDE,8,Atlántico,10.8,-74.75
5628,SABANALARGA,5,Antioquia,6.9166667,-75.8
8638,SABANALARGA,8,Atlántico,10.6333333,-74.8333333
85300,SABANALARGA,85,Casanare,4.8536111,-73.0430556
47660,SABANAS DE SAN ANGEL (SAN ANGEL),47,Magdalena,10.03,-74.21
5631,SABANETA,5,Antioquia,6.15,-75.6
15632,SABOYÁ,15,Boyacá,5.75,-73.7
23660,SAHAGÚN,23,Córdoba,8.8333333,-75.4166667
41660,SALADOBLANCO,41,Huila,2.0144444,-76.0502778
17653,SALAMINA,17,Caldas,5.4166667,-75.4166667
47675,SALAMINA,47,Magdalena,10.5,-74.7
54660,SALAZAR,54,Norte de Santander,7.8,-72.8333333
73671,SALDAÑA,73,Tolima,3.9347222,-75.0202778
63690,SALENTO,63,Quindío,4.6666667,-75.5
5642,SALGAR,5,Antioquia,6,-76
15646,SAMACÁ,15,Boyacá,5.5,-73.5
52678,SAMANIEGO,52,Nariño,1.4166667,-77.6666667
17662,SAMANÁ,17,Caldas,5.5833333,-74.9166667
70670,SAMPUÉS,70,Sucre,9.1666667,-75.3
41668,SAN AGUSTÍN,41,Huila,1.9166667,-76.3333333
20710,SAN ALBERTO,20,Cesar,7.7525,-73.3891667
68669,SAN ANDRÉS,68,Santander,6.8333333,-72.75
23670,SAN ANDRÉS SOTAVENTO,23,Córdoba,9.1666667,-75.55
5647,SAN ANDRÉS DE CUERQUÍA,5,Antioquia,6.92,-75.6670
23672,SAN ANTERO,23,Córdoba,9.35,-75.75
73675,SAN ANTONIO,73,Tolima,3.9166667,-75.5
25645,SAN ANTONIO DEL TEQUENDAMA,25,Cundinamarca,4.1333333,-74.5
68673,SAN BENITO,68,Santander,6.1666667,-73.4666667
70678,SAN BENITO ABAD,70,Sucre,8.75,-74.9166667
25649,SAN BERNARDO,25,Cundinamarca,4.2,-74.3333333
52685,SAN BERNARDO,52,Nariño,1.5163889,-77.0466667
23675,SAN BERNARDO DEL VIENTO,23,Córdoba,9.25,-76
54670,SAN CALIXTO,54,Norte de Santander,8.75,-73.0333333
5649,SAN CARLOS,5,Antioquia,6.2,-74.9166667
23678,SAN CARLOS,23,Córdoba,8.7,-75.7
50680,SAN CARLOS DE GUAROA,50,Meta,3.7122222,-73.2436111
25653,SAN CAYETANO,25,Cundinamarca,5.3333333,-74.0833333
54673,SAN CAYETANO,54,Norte de Santander,7.8833333,-72.5833333
13620,SAN CRISTOBAL,13,Bolívar,9.8833333,-75.25
20750,SAN DIEGO,20,Cesar,10.3375,-73.1825
15660,SAN EDUARDO,15,Boyacá,5.2166667,-73.1333333
13647,SAN ESTANISLAO,13,Bolívar,10.3983333,-75.1511111
13650,SAN FERNANDO,13,Bolívar,9.0833333,-74.3333333
5652,SAN FRANCISCO,5,Antioquia,6.1166667,-75.9833333
25658,SAN FRANCISCO,25,Cundinamarca,5,-74.2833333
86755,SAN FRANCISCO,86,Putumayo,1.1772222,-76.8830556
68679,SAN GÍL,68,Santander,6.5833333,-73.0833333
13654,SAN JACINTO,13,Bolívar,9.8333333,-75.0833333
13655,SAN JACINTO DEL CAUCA,13,Bolívar,9.8316667,-75.1263889
5656,SAN JERÓNIMO,5,Antioquia,6.45,-75.7
68682,SAN JOAQUÍN,68,Santander,6.4333333,-72.8666667
17665,SAN JOSÉ,17,Caldas,5.0858333,-75.7883333
68686,SAN JOSÉ DE MIRANDA,68,Santander,6.7,-72.6666667
5658,SAN JOSÉ DE LA MONTAÑA,5,Antioquia,6.8502778,-75.6833333
15664,SAN JOSÉ DE PARE,15,Boyacá,6.0833333,-73.4666667
23682,SAN JOSÉ DE URÉ,23,Córdoba,7.67,-75.51
18610,SAN JOSÉ DEL FRAGUA,18,Caquetá,1.3611111,-75.9883333
95001,SAN JOSÉ DEL GUAVIARE,95,Guaviare,2.5683333,-72.6416667
27660,SAN JOSÉ DEL PALMAR,27,Chocó,4.9166667,-76.25
50683,SAN JUAN DE ARAMA,50,Meta,3.3463889,-73.8894444
70702,SAN JUAN DE BETULIA,70,Sucre,9.2755556,-75.2455556
13657,SAN JUAN NEPOMUCENO,13,Bolívar,9.9566667,-75.0866667
52001,PASTO,52,Nariño,1.2146707368,-77.2786474228
25662,SAN JUAN DE RÍO SECO,25,Cundinamarca,4.9166667,-74.6666667
5659,SAN JUAN DE URABÁ,5,Antioquia,8.7630556,-76.53
44650,SAN JUAN DEL CESAR,44,La Guajira,10.8333333,-73.0833333
50686,SAN JUANITO,50,Meta,4.4586111,-73.6730556
52687,SAN LORENZO,52,Nariño,1.5,-77.1666667
73678,SAN LUIS,73,Tolima,4.1666667,-75.0833333
5660,SAN LUIS,5,Antioquia,6,-74.8333333
15667,SAN LUIS DE GACENO,15,Boyacá,4.8213889,-73.1675
85325,SAN LUÍS DE PALENQUE,85,Casanare,5.2805556,-71.5819444
70708,SAN MARCOS,70,Sucre,8.5833333,-75.1666667
20770,SAN MARTÍN,20,Cesar,8.0047222,-73.5152778
50689,SAN MARTÍN,50,Meta,3.7,-73.7
13667,SAN MARTÍN DE LOBA,13,Bolívar,8.8333333,-73.9166667
15673,SAN MATEO,15,Boyacá,6.5,-72.5
68684,SAN MIGUEL,68,Santander,6.6666667,-72.55
86757,SAN MIGUEL,86,Putumayo,0.3394444,-76.8830556
15676,SAN MIGUEL DE SEMA,15,Boyacá,5.55,-73.75
70713,SAN ONOFRE,70,Sucre,9.8333333,-75.5
13670,SAN PABLO,13,Bolívar,10.0527778,-75.2680556
52693,SAN PABLO,52,Nariño,1.6666667,-76.9166667
15681,SAN PABLO DE BORBUR,15,Boyacá,5.75,-74.0833333
5664,SAN PEDRO,5,Antioquia,6.45,-75.5833333
70717,SAN PEDRO,70,Sucre,9.4166667,-75
76670,SAN PEDRO,76,Valle del Cauca,4,-76.1666667
52694,SAN PEDRO DE CARTAGO,52,Nariño,1.5613889,-77.1180556
5665,SAN PEDRO DE URABÁ,5,Antioquia,8.2761111,-76.3786111
23686,SAN PELAYO,23,Córdoba,9,-75.9166667
5667,SAN RAFAEL,5,Antioquia,6.3,-75
5670,SAN ROQUE,5,Antioquia,6.4166667,-74.8333333
19693,SAN SEBASTIÁN,19,Cauca,1.9166667,-76.6666667
47692,SAN SEBASTIÁN DE BUENAVISTA,47,Magdalena,9.3333333,-74.3333333
5674,SAN VICENTE,5,Antioquia,6.3333333,-75.3333333
18753,SAN VICENTE DEL CAGUÁN,18,Caquetá,2.1525,-74.7888889
68689,SAN VICENTE DEL CHUCURÍ,68,Santander,6.8836111,-73.4138889
47703,SAN ZENÓN,47,Magdalena,9.3333333,-74.3
52683,SANDONÁ,52,Nariño,1.25,-77.45
47707,SANTA ANA,47,Magdalena,9.3166667,-74.5833333
5679,SANTA BÁRBARA,5,Antioquia,5.8666667,-75.5833333
68705,SANTA BÁRBARA,68,Santander,6.9927778,-72.9102778
52695,SANTA BÁRBARA,52,Nariño,2.3333333,-77.9166667
47720,SANTA BÁRBARA DE PINTO,47,Magdalena,10.6,-74.1670
13673,SANTA CATALINA,13,Bolívar,10.5833333,-75.25
5042,SANTAFÉ DE ANTIOQUIA,5,Antioquia,6.5597222,-75.8280556
27250,SANTA GENOVEVA DE DOCORODÓ,27,Chocó,4.2586111,-77.3675
68720,SANTA HELENA DEL OPÓN,68,Santander,6.3375,-73.5919444
73686,SANTA ISABEL,73,Tolima,4.75,-75.1666667
8675,SANTA LUCÍA,8,Atlántico,10.3286111,-74.9644444
47001,SANTA MARTA,47,Magdalena,11.2472222,-74.2016667
15690,SANTA MARÍA,15,Boyacá,4.8616667,-73.2641667
41676,SANTA MARÍA,41,Huila,3.0130556,-75.7
13683,SANTA ROSA,13,Bolívar,10.45,-75.3333333
19701,SANTA ROSA,19,Cauca,1.5,-76.5
66682,SANTA ROSA DE CABAL,66,Risaralda,4.8680556,-75.6213889
5686,SANTA ROSA DE OSOS,5,Antioquia,6.6666667,-75.4166667
15693,SANTA ROSA DE VITERBO,15,Boyacá,5.9166667,-73
13688,SANTA ROSA DEL SUR,13,Bolívar,7.9644444,-74.0544444
99624,SANTA ROSALÍA,99,Vichada,5.1261111,-70.8758333
15696,SANTA SOFÍA,15,Boyacá,5.75,-73.5833333
15686,SANTANA,15,Boyacá,6.0572222,-73.4822222
19698,SANTANDER DE QUILICHAO,19,Cauca,3.0130556,-76.4866667
54680,SANTIAGO,54,Norte de Santander,7.9166667,-72.6666667
86760,SANTIAGO,86,Putumayo,1.1511111,-77.0075
5690,SANTO DOMINGO,5,Antioquia,6.4722222,-75.1647222
8685,SANTO TOMÁS,8,Atlántico,10.75,-74.8333333
5697,EL SANTUARIO,5,Antioquia,6.1333333,-75.25
66687,SANTUARIO,66,Risaralda,5.0833333,-76
52720,SAPUYES,52,Nariño,1.0333333,-77.6
81736,SARAVENA,81,Arauca,6.9205556,-71.8533333
54720,SARDINATA,54,Norte de Santander,8.25,-72.75
25718,SASAIMA,25,Cundinamarca,5,-74.45
15720,SATIVANORTE,15,Boyacá,6.1666667,-72.6666667
15723,SATIVASUR,15,Boyacá,6.1333333,-72.6666667
5736,SEGOVIA,5,Antioquia,7.25,-74.75
25736,SESQUILÉ,25,Cundinamarca,5.0833333,-73.8333333
76736,SEVILLA,76,Valle del Cauca,4.2688889,-75.9361111
15740,SIACHOQUE,15,Boyacá,5.5833333,-73.1666667
25740,SIBATÉ,25,Cundinamarca,4.4913889,-74.2605556
86749,SIBUNDOY,86,Putumayo,1.1833333,-76.9166667
54743,SILOS,54,Norte de Santander,7.2,-72.75
25743,SILVANIA,25,Cundinamarca,4.5,-74.3333333
19743,SILVIA,19,Cauca,2.75,-76.3333333
68745,SIMACOTA,68,Santander,6.4472222,-73.3413889
25745,SIMIJACA,25,Cundinamarca,5.5833333,-73.8333333
13744,SIMITÍ,13,Bolívar,7.5833333,-74.1666667
70001,SINCELEJO,70,Sucre,9.3047222,-75.3977778
70742,SAN LUIS DE SINCÉ,70,Sucre,9.1666667,-75
27745,SIPÍ,27,Chocó,4.5833333,-76.5
47745,SITIONUEVO,47,Magdalena,10.9166667,-74.5833333
25754,SOACHA,25,Cundinamarca,4.5872222,-74.2213889
15753,SOATÁ,15,Boyacá,6.4166667,-72.6666667
15757,SOCHA,15,Boyacá,6,-72.6666667
68755,SOCORRO,68,Santander,6.5333333,-73.2
15755,SOCOTÁ,15,Boyacá,6.0833333,-72.5833333
15759,SOGAMOSO,15,Boyacá,5.7205556,-72.9297222
18765,SOLANO,18,Caquetá,0.7147222,-75.2486111
8758,SOLEDAD,8,Atlántico,10.9172222,-74.7666667
18785,SOLITA,18,Caquetá,0.9,-75.62
15761,SOMONDOCO,15,Boyacá,4.9877778,-73.4361111
5756,SONSÓN,5,Antioquia,5.75,-75
5761,SOPETRÁN,5,Antioquia,6.5,-75.75
13760,SOPLAVIENTO,13,Bolívar,10.3333333,-75.1
25758,SOPÓ,25,Cundinamarca,4.9166667,-73.95
15762,SORA,15,Boyacá,5.5666667,-73.4333333
15764,SORACÁ,15,Boyacá,5.5,-73.3166667
15763,SOTAQUIRÁ,15,Boyacá,5.8333333,-73.25
19760,SOTARA (PAISPAMBA),19,Cauca,2.2566667,-76.6186111
52418,SOTOMAYOR (LOS ANDES),52,Nariño,1.5155556,-77.4950
68770,SUAITA,68,Santander,6.1666667,-73.3
8770,SUAN,8,Atlántico,10.3333333,-74.9166667
41770,SUAZA,41,Huila,1.9166667,-75.8333333
25769,SUBACHOQUE,25,Cundinamarca,5,-74.1666667
19785,SUCRE,19,Cauca,2.0333333,-76.9166667
68773,SUCRE,68,Santander,6.0833333,-73.9166667
70771,SUCRE,70,Sucre,9,-75
25772,SUESCA,25,Cundinamarca,5.1666667,-73.8333333
25777,SUPATÁ,25,Cundinamarca,5.0833333,-74.25
17777,SUPÍA,17,Caldas,5.5,-75.6333333
68780,SURATÁ,68,Santander,7.5,-72.9666667
25779,SUSA,25,Cundinamarca,5.5,-73.8333333
15774,SUSACÓN,15,Boyacá,6.2666667,-72.6666667
15776,SUTAMARCHÁN,15,Boyacá,5.6666667,-73.5833333
25781,SUTATAUSA,25,Cundinamarca,5.2510,-73.8560
15778,SUTATENZA,15,Boyacá,5.0166667,-73.45
19780,SUÁREZ,19,Cauca,2.9588889,-76.6952778
73770,SUÁREZ,73,Tolima,4.0833333,-74.7833333
85315,SÁCAMA,85,Casanare,6.0833333,-72.0833333
15638,SÁCHICA,15,Boyacá,5.6666667,-73.5
25785,TABIO,25,Cundinamarca,5,-74.0833333
27787,TADÓ,27,Chocó,5.3333333,-76.4166667
13780,TALAIGUA NUEVO,13,Bolívar,9.3069444,-74.5686111
20787,TAMALAMEQUE,20,Cesar,8.8333333,-73.5833333
81794,TAME,81,Arauca,6.4641667,-71.7288889
52786,TAMINANGO,52,Nariño,1.5833333,-77.25
52788,TANGUA,52,Nariño,1.0833333,-77.3
97666,TARAIRA,97,Vaupés,0.4938889,-69.6669444
5790,TARAZÁ,5,Antioquia,7.5833333,-75.35
41791,TARQUI,41,Huila,2.1666667,-75.9166667
5792,TARSO,5,Antioquia,5.8333333,-75.8333333
15790,TASCO,15,Boyacá,5.9166667,-72.7
85410,TAURAMENA,85,Casanare,5.0186111,-72.7552778
25793,TAUSA,25,Cundinamarca,5.25,-73.9166667
41799,TELLO,41,Huila,3.0833333,-75.0833333
25797,TENA,25,Cundinamarca,4.7,-74.4166667
47798,TENERIFE,47,Magdalena,10,-74.6666667
25799,TENJO,25,Cundinamarca,4.9166667,-74.1666667
15798,TENZA,15,Boyacá,5.15,-73.45
54800,TEORAMA,54,Norte de Santander,8.75,-73.1666667
41801,TERUEL,41,Huila,2.9166667,-75.6666667
41797,TESALIA,41,Huila,2.6666667,-75.75
25805,TIBACUY,25,Cundinamarca,4.3833333,-74.5
15804,TIBANÁ,15,Boyacá,5.3333333,-73.3833333
15806,TIBASOSA,15,Boyacá,5.8333333,-72.9666667
25807,TIBIRITA,25,Cundinamarca,5.1333333,-73.5333333
54810,TIBÚ,54,Norte de Santander,8.6480556,-72.7394444
23807,TIERRALTA,23,Córdoba,8.1736111,-76.0591667
41807,TIMANÁ,41,Huila,2,-75.9166667
19809,TIMBIQUÍ,19,Cauca,2.75,-77.5833333
19807,TIMBÍO,19,Cauca,2.4166667,-76.75
15808,TINJACÁ,15,Boyacá,5.6333333,-73.65
15810,TIPACOQUE,15,Boyacá,6.4233333,-72.6952778
13810,TIQUISIO,13,Bolívar,8.5597222,-74.2669444
5809,TITIRIBÍ,5,Antioquia,6.0833333,-75.8
15814,TOCA,15,Boyacá,5.6666667,-73.1666667
25815,TOCAIMA,25,Cundinamarca,4.5,-74.6666667
25817,TOCANCIPÁ,25,Cundinamarca,5,-73.9166667
15816,TOGÜÍ,15,Boyacá,5.95,-73.4166667
5819,TOLEDO,5,Antioquia,7,-75.7
54820,TOLEDO,54,Norte de Santander,7.3,-72.25
70820,SANTIAGO DE TOLÚ,70,Sucre,9.5,-75.5333333
70823,TOLÚ VIEJO,70,Sucre,9.45,-75.439444
68820,TONA,68,Santander,7.25,-72.9
15820,TÓPAGA,15,Boyacá,5.8333333,-72.8333333
25823,TOPAIPÍ,25,Cundinamarca,5.4166667,-74.3333333
19821,TORIBIO,19,Cauca,3,-76.1666667
76823,TORO,76,Valle del Cauca,4.6116667,-76.0813889
15822,TOTA,15,Boyacá,5.5,-73
19824,TOTORÓ,19,Cauca,2.5833333,-76.3333333
85430,TRINIDAD,85,Casanare,5.4305556,-71.6311111
76828,TRUJILLO,76,Valle del Cauca,4.25,-76.3333333
8832,TUBARÁ,8,Atlántico,10.9166667,-74.95
23815,TUCHÍN,23,Córdoba,9.1833333,-75.55
76834,TULÚA,76,Valle del Cauca,4.0866667,-76.2
52835,TUMACO,52,Nariño,1.7986111,-78.8155556
15001,TUNJA,15,Boyacá,5.5352778,-73.3677778
15832,TUNUNGUÁ,15,Boyacá,5.7333333,-73.9333333
13836,TURBACO,13,Bolívar,10.35,-75.3333333
13838,TURBANÁ,13,Bolívar,10.25,-75.4166667
5837,TURBO,5,Antioquia,8,-76.5833333
15835,TURMEQUÉ,15,Boyacá,5.3333333,-73.5
15837,TUTA,15,Boyacá,5.75,-73.1666667
15839,TUTAZÁ,15,Boyacá,6.1666667,-72.8333333
85400,TÁMARA,85,Casanare,5.8297222,-72.1633333
5789,TÁMESIS,5,Antioquia,5.6666667,-75.6666667
52838,TÚQUERRES,52,Nariño,1.1666667,-77.5833333
25839,UBALÁ,25,Cundinamarca,4.8333333,-73.5
25841,UBAQUE,25,Cundinamarca,4.5833333,-74
25843,VILLA DE SAN DIEGO DE UBATE,25,Cundinamarca,5.35,-73.8333333
76845,ULLOA,76,Valle del Cauca,4.7166667,-75.75
25845,UNE,25,Cundinamarca,4.3333333,-74.0833333
27800,UNGUÍA,27,Chocó,8.0430556,-77.0961111
27810,UNIÓN PANAMERICANA,27,Chocó,5.2830,-76.6170
5842,URAMITA,5,Antioquia,6.8994444,-76.1741667
50370,URIBE,50,Meta,3.2540,-74.3580
44847,URIBIA,44,La Guajira,11.9166667,-72
5847,URRAO,5,Antioquia,6.3333333,-76.4166667
44855,URUMITA,44,La Guajira,10.5666667,-73.0166667
8849,USIACURÍ,8,Atlántico,10.75,-74.9666667
5854,VALDIVIA,5,Antioquia,7.3333333,-75.3333333
23855,VALENCIA,23,Córdoba,8.3,-76.1666667
68855,VALLE DE SAN JOSE,68,Santander,6.5,-73.0666667
73854,VALLE DE SAN JUAN,73,Tolima,4.25,-75.1666667
86865,VALLE DEL GUAMUEZ,86,Putumayo,0.4525,-76.9191667
20001,VALLEDUPAR,20,Cesar,10.4769444,-73.2505556
5856,VALPARAÍSO,5,Antioquia,5.6666667,-75.5833333
18860,VALPARAISO,18,Caquetá,1.1991667,-75.7097222
5858,VEGACHÍ,5,Antioquia,6.7730556,-74.8016667
73861,VENADILLO,73,Tolima,4.75,-74.9166667
5861,VENECIA,5,Antioquia,5.9166667,-75.75
25506,VENECIA (OSPINA PÉREZ),25,Cundinamarca,4.1333333,-74.5
15861,VENTAQUEMADA,15,Boyacá,5.4166667,-73.5
25862,VERGARA,25,Cundinamarca,5.1666667,-74.3333333
76863,VERSALLES,76,Valle del Cauca,4.6666667,-76.25
68867,VETAS,68,Santander,7.3333333,-72.8666667
25867,VIANÍ,25,Cundinamarca,4.9166667,-74.55
5873,VIGÍA DEL FUERTE,5,Antioquia,6.5919444,-76.8986111
76869,VIJES,76,Valle del Cauca,3.6986111,-76.4491667
54871,VILLA CARO,54,Norte de Santander,7.9169444,-72.9763889
19845,VILLA RICA,19,Cauca,2.5136111,-76.8477778
15407,VILLA DE LEYVA,15,Boyacá,5.6333333,-73.5333333
54874,VILLA DEL ROSARIO,54,Norte de Santander,7.8338889,-72.4741667
86885,VILLAGARZÓN,86,Putumayo,1.0380,-76.6270
25871,VILLAGÓMEZ,25,Cundinamarca,5.2761111,-74.1988889
73870,VILLAHERMOSA,73,Tolima,5,-75.1666667
17873,VILLAMARÍA,17,Caldas,5,-75.5
13873,VILLANUEVA,13,Bolívar,10.45,-75.25
44874,VILLANUEVA,44,La Guajira,10.5833333,-73
68872,VILLANUEVA,68,Santander,6.6741667,-73.1777778
85440,VILLANUEVA,85,Casanare,5.2833333,-71.9666667
25873,VILLAPINZÓN,25,Cundinamarca,5.2833333,-73.5833333
73873,VILLARRICA,73,Tolima,4,-74.5833333
50001,VILLAVICENCIO,50,Meta,4.1533333,-73.6350
41872,VILLAVIEJA,41,Huila,3.3333333,-75.1666667
25875,VILLETA,25,Cundinamarca,5.0833333,-74.5
25878,VIOTÁ,25,Cundinamarca,4.5,-74.5
15879,VIRACACHÁ,15,Boyacá,5.5,-73.25
50711,VISTA HERMOSA,50,Meta,3.0863889,-73.7513889
17877,VITERBO,17,Caldas,5.0833333,-75.8666667
68861,VÉLEZ,68,Santander,6.0833333,-73.5833333
25885,YACOPÍ,25,Cundinamarca,5.6666667,-74.4166667
52885,YACUANQUER,52,Nariño,1.0833333,-77.4166667
41885,YAGUARÁ,41,Huila,2.6666667,-75.5833333
5885,YALÍ,5,Antioquia,6.8333333,-74.75
5887,YARUMAL,5,Antioquia,7,-75.5
5890,YOLOMBÓ,5,Antioquia,6.6666667,-75
5893,YONDÓ,5,Antioquia,7.0077778,-73.9141667
85001,YOPAL,85,Casanare,5.3394444,-72.3941667
76890,YOTOCO,76,Valle del Cauca,3.9166667,-76.3333333
76892,YUMBO,76,Valle del Cauca,3.5850,-76.4958333
13894,ZAMBRANO,13,Bolívar,9.75,-74.8333333
68895,ZAPATOCA,68,Santander,6.8333333,-73.25
47960,ZAPAYÁN (PUNTA DE PIEDRAS),47,Magdalena,1.0171,-74.7190
5895,ZARAGOZA,5,Antioquia,7.75,-74.75
76895,ZARZAL,76,Valle del Cauca,4.3983333,-76.0772222
15897,ZETAQUIRA,15,Boyacá,5.35,-73.1666667
25888,ZIPACÓN,25,Cundinamarca,4.8333333,-74.4166667
25899,ZIPAQUIRÁ,25,Cundinamarca,5.0283333,-74.0058333
47980,ZONA BANANERA CORREGIMIENTO DE SEVILLA,47,Magdalena,,
54003,ABREGO,54,Norte de Santander,8,-73.2
41357,ÍQUIRA,41,Huila,2.75,-75.75
15842,CÓMBITA,15,Boyacá,5.2333333,-73.45
25851,ÚTICA,25,Cundinamarca,5.25,-74.5
15842,UMBITA,15,Boyacá,5.13,"-73,27"
91405,LA CHORRERA,91,Amazonas,,
91798,TARAPACÁ,91,Amazonas,,
91263,EL ENCANTO,91,Amazonas,,
91460,MIRITI - PARANÁ,91,Amazonas,,
91669,PUERTO SANTANDER,91,Amazonas,,
91530,PUERTO ALEGRÍA,91,Amazonas,,
91536,PUERTO ARICA,91,Amazonas,,
91407,LA PEDRERA,91,Amazonas,,
